Workbook

Sheet ዕቁብ
A1: ዕጣ ቁጥር | B1: ስም | C1: ክፍያ መጠን | D1: =ROUND(Sheet3!$C$1,0) -> 183 | E1: 1 | F1: =E1+1 -> 2 | G1: =F1+1 -> 3 | H1: =G1+1 -> 4 | I1: =H1+1 -> 5 | J1: =I1+1 -> 6 | K1: =J1+1 -> 7 | L1: =K1+1 -> 8 | M1: =L1+1 -> 9 | ... DR1: =DQ1+1 -> 118
D2: =113*21000*D1 -> 434259000 | E2: =F2-7 -> 44871 | F2: =G2-7 -> 44878 | G2: =H2-7 -> 44885 | H2: =I2-7 -> 44892 | I2: =J2-7 -> 44899 | J2: =K2-7 -> 44906 | K2: =L2-7 -> 44913 | L2: =M2-7 -> 44920 | ... BF2: =BG2-7 -> 45242 | BG2: 45249 | BH2: =BG2+7 -> 45256 | BI2: =BH2+7 -> 45263 | BJ2: =BI2+7 -> 45270 | BK2: =BJ2+7 -> 45277 | BL2: =BK2+7 -> 45284 | BM2: =BL2+7 -> 45291 | BN2: =BM2+7 -> 45298 | BO2: =BN2+7 -> 45305 | ... DR2: =DQ2+7 -> 45690
D3: =SUM(E3:DR4) -> 230107500 | E3: =SUM(E6:E138) -> 2247000 | F3: =SUM(F6:F138) -> 2236500 | G3: =SUM(G6:G138) -> 2236500 | H3: =SUM(H6:H138) -> 2236500 | I3: =SUM(I6:I138) -> 2236500 | J3: =SUM(J6:J138) -> 2236500 | K3: =SUM(K6:K138) -> 2236500 | L3: =SUM(L6:L138) -> 2236500 | ... DR3: =SUM(DR6:DR138) -> 0
D4: =D2-D3 -> 204151500
D5: =D3/D2 -> 0.52988539 | E5: =E3/(113*21000) -> 0.94690265 | F5: =F3/(113*21000) -> 0.94247788 | G5: =G3/(113*21000) -> 0.94247788 | H5: =H3/(113*21000) -> 0.94247788 | I5: =I3/(113*21000) -> 0.94247788 | J5: =J3/(113*21000) -> 0.94247788 | K5: =K3/(113*21000) -> 0.94247788 | L5: =L3/(113*21000) -> 0.94247788 | ... DR5: =DR3/(113*21000) -> 0
A6: 1 | B6: መስፍን ሀ/ማሪያም | C6: 21000 | D6: =Sheet3!C2 -> 103 | E6: 21000 | F6: 21000 | G6: 21000 | H6: 21000 | I6: 21000 | J6: 21000 | K6: 21000 | L6: 21000 | M6: 21000 | N6: 21000 | O6: 21000 | P6: 21000 | Q6: 21000 | R6: 21000 | S6: 21000 | T6: 21000 | U6: 21000 | V6: 21000 | W6: 21000 | X6: 0 | Y6: 21000 | Z6: 42000 | AA6: 21000 | AB6: 21000 | AC6: 21000 | AD6: 21000 | AE6: 21000 | AF6: 21000 | AG6: 21000 | AH6: 21000 | AI6: 0 | AJ6: 42000 | AK6: 0 | AL6: 42000 | AM6: 21000 | AN6: 21000 | AO6: 21000 | AP6: 21000 | AQ6: 21000 | AR6: 0 | AS6: 0 | AT6: 0 | AU6: 84000 | AV6: 21000 | AW6: 21000 | AX6: 21000 | AY6: 0 | AZ6: 21000 | BA6: 21000 | BB6: 0 | BC6: 42000 | BD6: 21000 | BE6: 42000 | BF6: 21000 | BG6: 0 | BH6: 21000 | BI6: 42000 | BJ6: 0 | BK6: 42000 | BL6: 0 | BM6: 0 | BN6: 0 | BO6: 84000 | BP6: 0 | BR6: 63000 | BS6: 0 | BT6: 42000 | BU6: 21000 | BV6: 0 | BW6: 42000 | BX6: 0 | BY6: 0 | BZ6: 42000 | CA6: 21000 | CB6: 0 | CC6: 0 | CD6: 0 | CE6: 0 | CF6: 0 | CG6: 42000 | CH6: 0 | CI6: 84000 | CJ6: 0 | CK6: 105000 | CL6: 21000 | CM6: 21000 | CN6: 21000 | CO6: 0 | CP6: 0 | CQ6: 21000 | CR6: 42000 | CS6: 42000 | CT6: 21000 | CU6: 0 | CV6: 0 | CW6: 21000 | CX6: 21000 | CY6: 42000 | CZ6: 0 | DA6: 0 | DB6: 0 | DC6: 21000 | DD6: 42000 | DE6: 21000 | DF6: 21000
A7: 2 | B7: ዓማኑኤል አላሮ | C7: 21000 | D7: =Sheet3!C3 -> 108 | E7: 21000 | F7: 21000 | G7: 21000 | H7: 21000 | I7: 21000 | J7: 21000 | K7: 21000 | L7: 21000 | M7: 21000 | N7: 21000 | O7: 21000 | P7: 21000 | Q7: 21000 | R7: 21000 | S7: 21000 | T7: 21000 | U7: 21000 | V7: 21000 | W7: 21000 | X7: 21000 | Y7: 21000 | Z7: 21000 | AA7: 21000 | AB7: 21000 | AC7: 21000 | AD7: 21000 | AE7: 21000 | AF7: 21000 | AG7: 21000 | AH7: 21000 | AI7: 21000 | AJ7: 21000 | AK7: 21000 | AL7: 21000 | AM7: 21000 | AN7: 21000 | AO7: 21000 | AP7: 21000 | AQ7: 21000 | AR7: 21000 | AS7: 21000 | AT7: 21000 | AU7: 21000 | AV7: 21000 | AW7: 21000 | AX7: 21000 | AY7: 21000 | AZ7: 21000 | BA7: 21000 | BB7: 21000 | BC7: 21000 | BD7: 21000 | BE7: 21000 | BF7: 21000 | BG7: 21000 | BH7: 21000 | BI7: 21000 | BJ7: 21000 | BK7: 21000 | BL7: 21000 | BM7: 21000 | BN7: 21000 | BO7: 21000 | BP7: 21000 | BQ7: 21000 | BR7: 21000 | BS7: 21000 | BT7: 21000 | BU7: 21000 | BV7: 21000 | BW7: 21000 | BX7: 21000 | BY7: 21000 | BZ7: 21000 | CA7: 21000 | CB7: 21000 | CC7: 21000 | CD7: 21000 | CE7: 21000 | CF7: 21000 | CG7: 21000 | CH7: 21000 | CI7: 21000 | CJ7: 21000 | CK7: 21000 | CL7: 21000 | CM7: 21000 | CN7: 21000 | CO7: 21000 | CP7: 21000 | CQ7: 21000 | CR7: 21000 | CS7: 21000 | CT7: 21000 | CU7: 21000 | CV7: 21000 | CW7: 21000 | CX7: 21000 | CY7: 21000 | CZ7: 21000 | DA7: 21000 | DB7: 21000 | DC7: 21000 | DD7: 21000 | DE7: 21000 | DF7: 21000 | DG7: 21000 | DH7: 21000
A8: 3 | B8: ብርሃኑ ማሩ | C8: 21000 | D8: =Sheet3!C4 -> 107 | E8: 21000 | F8: 21000 | G8: 21000 | H8: 21000 | I8: 21000 | J8: 21000 | K8: 21000 | L8: 21000 | M8: 21000 | N8: 21000 | O8: 21000 | P8: 21000 | Q8: 21000 | R8: 21000 | S8: 21000 | T8: 21000 | U8: 21000 | V8: 21000 | W8: 21000 | X8: 21000 | Y8: 21000 | Z8: 21000 | AA8: 21000 | AB8: 21000 | AC8: 21000 | AD8: 21000 | AE8: 21000 | AF8: 21000 | AG8: 21000 | AH8: 21000 | AI8: 21000 | AJ8: 21000 | AK8: 21000 | AL8: 21000 | AM8: 21000 | AN8: 21000 | AO8: 21000 | AP8: 21000 | AQ8: 21000 | AR8: 21000 | AS8: 21000 | AT8: 21000 | AU8: 21000 | AV8: 21000 | AW8: 21000 | AX8: 21000 | AY8: 21000 | AZ8: 21000 | BA8: 21000 | BB8: 21000 | BC8: 21000 | BD8: 21000 | BE8: 21000 | BF8: 21000 | BG8: 21000 | BH8: 21000 | BI8: 21000 | BJ8: 21000 | BK8: 21000 | BL8: 21000 | BM8: 21000 | BN8: 21000 | BO8: 0 | BP8: 21000 | BQ8: 21000 | BR8: 21000 | BS8: 21000 | BT8: 21000 | BU8: 21000 | BV8: 21000 | BW8: 21000 | BX8: 21000 | BY8: 21000 | BZ8: 21000 | CA8: 21000 | CB8: 21000 | CC8: 21000 | CD8: 21000 | CE8: 21000 | CF8: 21000 | CG8: 21000 | CH8: 21000 | CI8: 21000 | CJ8: 21000 | CK8: 21000 | CL8: 21000 | CM8: 21000 | CN8: 21000 | CO8: 21000 | CP8: 21000 | CQ8: 21000 | CR8: 21000 | CS8: 21000 | CT8: 21000 | CU8: 21000 | CV8: 21000 | CW8: 21000 | CX8: 21000 | CY8: 21000 | CZ8: 21000 | DA8: 21000 | DB8: 21000 | DC8: 21000 | DD8: 21000 | DE8: 0 | DF8: 42000 | DG8: 21000 | DH8: 21000
A9: 4 | B9: ከፈለኝ ፃዲቁ | C9: 21000 | D9: =Sheet3!C5 -> 0 | E9: 0 | F9: 0 | G9: 0 | H9: 0 | I9: 0 | J9: 0 | K9: 0 | L9: 0 | M9: 0 | N9: 0 | O9: 0 | P9: 0 | Q9: 0 | R9: 0 | S9: 0 | T9: 0 | U9: 0 | V9: 0 | W9: 0 | X9: 0 | Y9: 0 | Z9: 0 | AA9: 0 | AB9: 0 | AC9: 0 | AD9: 0 | AE9: 0 | AF9: 0 | AG9: 0 | AH9: 0 | AI9: 0 | AJ9: 0 | AK9: 0 | AL9: 0 | AM9: 0 | AN9: 0 | AO9: 0 | AP9: 0 | AQ9: 0 | AR9: 0 | AS9: 0 | AT9: 0 | AU9: 0 | AV9: 0 | AW9: 0 | AX9: 0 | AY9: 0 | AZ9: 0 | BA9: 0 | BB9: 0 | BC9: 0 | BD9: 0 | BE9: 0 | BF9: 0 | BG9: 0 | BH9: 0 | BI9: 0 | BJ9: 0 | BK9: 0 | BL9: 0 | BM9: 0 | BN9: 0 | BO9: 0 | BP9: 0 | BQ9: 0 | BR9: 0 | BS9: 0 | BT9: 0 | BV9: 0 | BW9: 0 | BX9: 0 | BY9: 0 | BZ9: 0 | CA9: 0 | CB9: 0 | CC9: 0 | CD9: 0 | CE9: 0 | CF9: 0 | CG9: 0 | CH9: 0 | CI9: 0 | CJ9: 0 | CK9: 0 | CL9: 0 | CM9: 0 | CN9: 0 | CO9: 0 | CP9: 0 | CQ9: 0 | CR9: 0 | CS9: 0 | CT9: 0 | CU9: 0 | CV9: 0 | CW9: 0 | CX9: 0 | CY9: 0 | CZ9: 0 | DA9: 0 | DB9: 0 | DC9: 0 | DD9: 0 | DE9: 0 | DF9: 0
A10: 5 | B10: አስፈው ወርጂ | C10: 21000 | D10: =Sheet3!C6 -> 108 | E10: 21000 | F10: 21000 | G10: 21000 | H10: 21000 | I10: 21000 | J10: 21000 | K10: 21000 | L10: 21000 | M10: 21000 | N10: 21000 | O10: 21000 | P10: 21000 | Q10: 21000 | R10: 21000 | S10: 21000 | T10: 21000 | U10: 21000 | V10: 21000 | W10: 21000 | X10: 21000 | Y10: 21000 | Z10: 21000 | AA10: 21000 | AB10: 21000 | AC10: 21000 | AD10: 21000 | AE10: 21000 | AF10: 21000 | AG10: 21000 | AH10: 21000 | AI10: 0 | AJ10: 42000 | AK10: 21000 | AL10: 21000 | AM10: 21000 | AN10: 21000 | AO10: 21000 | AP10: 21000 | AQ10: 21000 | AR10: 21000 | AS10: 21000 | AT10: 21000 | AU10: 21000 | AV10: 0 | AW10: 42000 | AX10: 21000 | AY10: 21000 | AZ10: 21000 | BA10: 21000 | BB10: 21000 | BC10: 21000 | BD10: 21000 | BE10: 21000 | BF10: 21000 | BG10: 21000 | BH10: 21000 | BI10: 21000 | BJ10: 21000 | BK10: 21000 | BL10: 0 | BM10: 42000 | BN10: 21000 | BO10: 21000 | BP10: 0 | BQ10: 42000 | BR10: 21000 | BS10: 21000 | BT10: 21000 | BU10: 21000 | BV10: 21000 | BW10: 21000 | BX10: 21000 | BY10: 21000 | BZ10: 21000 | CA10: 21000 | CB10: 21000 | CC10: 21000 | CD10: 21000 | CE10: 21000 | CF10: 21000 | CG10: 21000 | CH10: 0 | CI10: 42000 | CJ10: 21000 | CK10: 21000 | CL10: 21000 | CM10: 21000 | CN10: 21000 | CO10: 21000 | CP10: 21000 | CQ10: 0 | CR10: 42000 | CS10: 21000 | CT10: 0 | CU10: 0 | CV10: 63000 | CW10: 21000 | CX10: 21000 | CY10: 0 | CZ10: 42000 | DA10: 21000 | DB10: 0 | DC10: 42000 | DD10: 0 | DE10: 0 | DF10: 63000 | DH10: 42000
A11: 6 | B11: ከተማ ለማ | C11: 21000 | D11: =Sheet3!C7 -> 107 | E11: 21000 | F11: 21000 | G11: 21000 | H11: 21000 | I11: 21000 | J11: 21000 | K11: 21000 | L11: 21000 | M11: 21000 | N11: 21000 | O11: 21000 | P11: 21000 | Q11: 21000 | R11: 21000 | S11: 21000 | T11: 21000 | U11: 21000 | V11: 21000 | W11: 21000 | X11: 21000 | Y11: 21000 | Z11: 21000 | AA11: 21000 | AB11: 21000 | AC11: 21000 | AD11: 21000 | AE11: 21000 | AF11: 21000 | AG11: 21000 | AH11: 21000 | AI11: 21000 | AJ11: 21000 | AK11: 21000 | AL11: 21000 | AM11: 21000 | AN11: 21000 | AO11: 21000 | AP11: 21000 | AQ11: 21000 | AR11: 21000 | AS11: 21000 | AT11: 21000 | AU11: 21000 | AV11: 21000 | AW11: 21000 | AX11: 21000 | AY11: 21000 | AZ11: 21000 | BA11: 21000 | BB11: 21000 | BC11: 21000 | BD11: 21000 | BE11: 21000 | BF11: 21000 | BG11: 21000 | BH11: 21000 | BI11: 21000 | BJ11: 21000 | BK11: 21000 | BL11: 21000 | BM11: 21000 | BN11: 21000 | BO11: 21000 | BP11: 21000 | BQ11: 21000 | BR11: 21000 | BS11: 21000 | BT11: 21000 | BU11: 21000 | BV11: 21000 | BW11: 21000 | BX11: 21000 | BY11: 21000 | BZ11: 21000 | CA11: 21000 | CB11: 21000 | CC11: 21000 | CD11: 0 | CE11: 42000 | CF11: 21000 | CG11: 21000 | CH11: 21000 | CI11: 21000 | CJ11: 0 | CK11: 42000 | CL11: 21000 | CM11: 21000 | CN11: 21000 | CO11: 21000 | CP11: 21000 | CQ11: 21000 | CR11: 21000 | CS11: 21000 | CT11: 21000 | CU11: 0 | CV11: 21000 | CW11: 21000 | CX11: 21000 | CY11: 21000 | CZ11: 21000 | DA11: 21000 | DB11: 21000 | DC11: 21000 | DD11: 21000 | DE11: 21000 | DF11: 21000 | DG11: 21000 | DH11: 21000
A12: 7 | B12: ጥላነሽ ከበደ | C12: 21000 | D12: =Sheet3!C8 -> 108 | E12: 21000 | F12: 21000 | G12: 21000 | H12: 21000 | I12: 21000 | J12: 21000 | K12: 21000 | L12: 21000 | M12: 21000 | N12: 21000 | O12: 21000 | P12: 21000 | Q12: 21000 | R12: 21000 | S12: 21000 | T12: 21000 | U12: 21000 | V12: 21000 | W12: 21000 | X12: 21000 | Y12: 21000 | Z12: 21000 | AA12: 21000 | AB12: 21000 | AC12: 21000 | AD12: 21000 | AE12: 21000 | AF12: 21000 | AG12: 21000 | AH12: 21000 | AI12: 21000 | AJ12: 21000 | AK12: 21000 | AL12: 21000 | AM12: 21000 | AN12: 21000 | AO12: 21000 | AP12: 0 | AQ12: 42000 | AR12: 21000 | AS12: 21000 | AT12: 21000 | AU12: 21000 | AV12: 21000 | AW12: 21000 | AX12: 21000 | AY12: 21000 | AZ12: 21000 | BA12: 21000 | BB12: 21000 | BC12: 21000 | BD12: 21000 | BE12: 21000 | BF12: 21000 | BG12: 21000 | BH12: 21000 | BI12: 21000 | BJ12: 21000 | BK12: 21000 | BL12: 21000 | BM12: 21000 | BN12: 0 | BO12: 42000 | BP12: 21000 | BQ12: 21000 | BR12: 21000 | BS12: 21000 | BT12: 21000 | BU12: 21000 | BV12: 21000 | BW12: 21000 | BX12: 21000 | BY12: 21000 | BZ12: 21000 | CA12: 21000 | CB12: 21000 | CC12: 21000 | CD12: 21000 | CE12: 0 | CF12: 42000 | CG12: 21000 | CH12: 21000 | CI12: 21000 | CJ12: 21000 | CK12: 21000 | CL12: 21000 | CM12: 21000 | CN12: 21000 | CO12: 21000 | CP12: 21000 | CQ12: 21000 | CR12: 21000 | CS12: 21000 | CT12: 21000 | CU12: 21000 | CV12: 21000 | CW12: 21000 | CX12: 21000 | CY12: 21000 | CZ12: 21000 | DA12: 21000 | DB12: 21000 | DC12: 21000 | DD12: 21000 | DE12: 21000 | DF12: 21000 | DG12: 21000 | DH12: 21000
A13: 8 | B13: ሲሳይ ባህሩ | C13: 21000 | D13: =Sheet3!C9 -> 108 | E13: 21000 | F13: 21000 | G13: 21000 | H13: 21000 | I13: 21000 | J13: 21000 | K13: 21000 | L13: 21000 | M13: 21000 | N13: 21000 | O13: 21000 | P13: 21000 | Q13: 21000 | R13: 21000 | S13: 21000 | T13: 21000 | U13: 21000 | V13: 21000 | W13: 21000 | X13: 21000 | Y13: 21000 | Z13: 21000 | AA13: 21000 | AB13: 21000 | AC13: 21000 | AD13: 21000 | AE13: 21000 | AF13: 21000 | AG13: 21000 | AH13: 21000 | AI13: 21000 | AJ13: 21000 | AK13: 21000 | AL13: 21000 | AM13: 21000 | AN13: 21000 | AO13: 21000 | AP13: 21000 | AQ13: 21000 | AR13: 21000 | AS13: 21000 | AT13: 21000 | AU13: 21000 | AV13: 21000 | AW13: 21000 | AX13: 21000 | AY13: 21000 | AZ13: 21000 | BA13: 21000 | BB13: 21000 | BC13: 21000 | BD13: 21000 | BE13: 21000 | BF13: 21000 | BG13: 21000 | BH13: 21000 | BI13: 21000 | BJ13: 21000 | BK13: 21000 | BL13: 21000 | BM13: 21000 | BN13: 21000 | BO13: 21000 | BP13: 21000 | BQ13: 21000 | BR13: 21000 | BS13: 21000 | BT13: 21000 | BU13: 21000 | BV13: 21000 | BW13: 21000 | BX13: 21000 | BY13: 21000 | BZ13: 21000 | CA13: 21000 | CB13: 21000 | CC13: 21000 | CD13: 21000 | CE13: 21000 | CF13: 21000 | CG13: 21000 | CH13: 21000 | CI13: 21000 | CJ13: 21000 | CK13: 21000 | CL13: 21000 | CM13: 21000 | CN13: 21000 | CO13: 21000 | CP13: 21000 | CQ13: 21000 | CR13: 21000 | CS13: 21000 | CT13: 21000 | CU13: 21000 | CV13: 21000 | CW13: 21000 | CX13: 21000 | CY13: 21000 | CZ13: 21000 | DA13: 21000 | DB13: 21000 | DC13: 21000 | DD13: 21000 | DE13: 21000 | DF13: 21000 | DG13: 21000 | DH13: 21000
A14: 9 | B14: ሲንታየሁ ካሳ | C14: 21000 | D14: =Sheet3!C10 -> 108 | E14: 21000 | F14: 21000 | G14: 21000 | H14: 21000 | I14: 21000 | J14: 21000 | K14: 21000 | L14: 21000 | M14: 21000 | N14: 21000 | O14: 21000 | P14: 21000 | Q14: 21000 | R14: 21000 | S14: 21000 | T14: 21000 | U14: 21000 | V14: 21000 | W14: 21000 | X14: 21000 | Y14: 21000 | Z14: 21000 | AA14: 21000 | AB14: 21000 | AC14: 21000 | AD14: 21000 | AE14: 21000 | AF14: 21000 | AG14: 21000 | AH14: 21000 | AI14: 21000 | AJ14: 21000 | AK14: 21000 | AL14: 21000 | AM14: 21000 | AN14: 21000 | AO14: 21000 | AP14: 21000 | AQ14: 21000 | AR14: 21000 | AS14: 21000 | AT14: 21000 | AU14: 21000 | AV14: 21000 | AW14: 21000 | AX14: 21000 | AY14: 21000 | AZ14: 21000 | BA14: 21000 | BB14: 21000 | BC14: 21000 | BD14: 21000 | BE14: 21000 | BF14: 21000 | BG14: 21000 | BH14: 21000 | BI14: 21000 | BJ14: 21000 | BK14: 21000 | BL14: 21000 | BM14: 21000 | BN14: 21000 | BO14: 21000 | BP14: 0 | BQ14: 42000 | BR14: 21000 | BS14: 21000 | BT14: 21000 | BU14: 21000 | BV14: 21000 | BW14: 21000 | BX14: 21000 | BY14: 21000 | BZ14: 21000 | CA14: 21000 | CB14: 21000 | CC14: 21000 | CD14: 21000 | CE14: 21000 | CF14: 21000 | CG14: 21000 | CH14: 21000 | CI14: 21000 | CJ14: 21000 | CK14: 21000 | CL14: 21000 | CM14: 21000 | CN14: 21000 | CO14: 21000 | CP14: 21000 | CQ14: 21000 | CR14: 21000 | CS14: 21000 | CT14: 21000 | CU14: 21000 | CV14: 21000 | CW14: 21000 | CX14: 21000 | CY14: 21000 | CZ14: 21000 | DA14: 21000 | DB14: 21000 | DC14: 21000 | DD14: 21000 | DE14: 21000 | DF14: 21000 | DG14: 21000 | DH14: 21000
A15: 10 | B15: ጥላነሽ ከበደ | C15: 21000 | D15: =Sheet3!C11 -> 108 | E15: 21000 | F15: 21000 | G15: 21000 | H15: 21000 | I15: 21000 | J15: 21000 | K15: 21000 | L15: 21000 | M15: 21000 | N15: 21000 | O15: 21000 | P15: 21000 | Q15: 21000 | R15: 21000 | S15: 21000 | T15: 21000 | U15: 21000 | V15: 21000 | W15: 21000 | X15: 21000 | Y15: 21000 | Z15: 21000 | AA15: 21000 | AB15: 21000 | AC15: 21000 | AD15: 21000 | AE15: 21000 | AF15: 21000 | AG15: 21000 | AH15: 21000 | AI15: 21000 | AJ15: 21000 | AK15: 21000 | AL15: 21000 | AM15: 21000 | AN15: 21000 | AO15: 21000 | AP15: 0 | AQ15: 42000 | AR15: 21000 | AS15: 21000 | AT15: 21000 | AU15: 21000 | AV15: 21000 | AW15: 21000 | AX15: 21000 | AY15: 21000 | AZ15: 21000 | BA15: 21000 | BB15: 21000 | BC15: 21000 | BD15: 21000 | BE15: 21000 | BF15: 21000 | BG15: 21000 | BH15: 21000 | BI15: 21000 | BJ15: 21000 | BK15: 21000 | BL15: 21000 | BM15: 21000 | BN15: 0 | BO15: 42000 | BP15: 21000 | BQ15: 21000 | BR15: 21000 | BS15: 21000 | BT15: 21000 | BU15: 21000 | BV15: 21000 | BW15: 21000 | BX15: 21000 | BY15: 21000 | BZ15: 21000 | CA15: 21000 | CB15: 21000 | CC15: 21000 | CD15: 21000 | CE15: 0 | CF15: 42000 | CG15: 21000 | CH15: 21000 | CI15: 21000 | CJ15: 21000 | CK15: 21000 | CL15: 21000 | CM15: 21000 | CN15: 21000 | CO15: 21000 | CP15: 21000 | CQ15: 21000 | CR15: 21000 | CS15: 21000 | CT15: 21000 | CU15: 21000 | CV15: 21000 | CW15: 21000 | CX15: 21000 | CY15: 21000 | CZ15: 21000 | DA15: 21000 | DB15: 21000 | DC15: 21000 | DD15: 21000 | DE15: 21000 | DF15: 21000 | DG15: 21000 | DH15: 21000
A16: 11 | B16: ሄኖክ በቀለ | C16: 21000 | D16: =Sheet3!C12 -> 101 | E16: 21000 | F16: 21000 | G16: 21000 | H16: 21000 | I16: 21000 | J16: 21000 | K16: 21000 | L16: 21000 | M16: 21000 | N16: 21000 | O16: 21000 | P16: 21000 | Q16: 21000 | R16: 21000 | S16: 21000 | T16: 21000 | U16: 21000 | V16: 21000 | W16: 21000 | X16: 21000 | Y16: 21000 | Z16: 21000 | AA16: 21000 | AB16: 21000 | AC16: 21000 | AD16: 21000 | AE16: 21000 | AF16: 21000 | AG16: 0 | AH16: 42000 | AI16: 21000 | AJ16: 21000 | AK16: 21000 | AL16: 21000 | AM16: 21000 | AN16: 21000 | AO16: 21000 | AP16: 21000 | AQ16: 21000 | AR16: 21000 | AS16: 21000 | AT16: 21000 | AU16: 21000 | AV16: 0 | AW16: 42000 | AX16: 21000 | AY16: 21000 | AZ16: 21000 | BA16: 21000 | BB16: 21000 | BC16: 21000 | BD16: 0 | BE16: 21000 | BF16: 21000 | BG16: 21000 | BH16: 42000 | BI16: 21000 | BJ16: 21000 | BK16: 21000 | BL16: 21000 | BM16: 21000 | BN16: 0 | BO16: 21000 | BP16: 21000 | BQ16: 21000 | BR16: 21000 | BS16: 21000 | BT16: 21000 | BU16: 21000 | BV16: 21000 | BW16: 21000 | BX16: 0 | BY16: 21000 | BZ16: 0 | CA16: 0 | CB16: 0 | CC16: 0 | CD16: 0 | CE16: 0 | CF16: 21000 | CG16: 21000 | CH16: 21000 | CI16: 21000 | CJ16: 42000 | CK16: 0 | CL16: 0 | CM16: 21000 | CN16: 21000 | CO16: 0 | CP16: 0 | CQ16: 0 | CR16: 21000 | CS16: 0 | CT16: 84000 | CU16: 0 | CV16: 63000 | CW16: 0 | CX16: 63000 | CY16: 21000 | CZ16: 42000 | DA16: 21000 | DB16: 21000 | DC16: 0 | DD16: 21000 | DE16: 42000 | DF16: 0 | DG16: 42000 | DH16: 21000
A17: 12 | B17: ሀብታሙ ፃዲቁ | C17: 21000 | D17: =Sheet3!C13 -> 0 | E17: 0 | F17: 0 | G17: 0 | H17: 0 | I17: 0 | J17: 0 | K17: 0 | L17: 0 | M17: 0 | N17: 0 | O17: 0 | P17: 0 | Q17: 0 | R17: 0 | S17: 0 | T17: 0 | U17: 0 | V17: 0 | W17: 0 | X17: 0 | Y17: 0 | Z17: 0 | AA17: 0 | AB17: 0 | AC17: 0 | AD17: 0 | AE17: 0 | AF17: 0 | AG17: 0 | AH17: 0 | AI17: 0 | AJ17: 0 | AK17: 0 | AL17: 0 | AM17: 0 | AN17: 0 | AO17: 0 | AP17: 0 | AQ17: 0 | AR17: 0 | AS17: 0 | AT17: 0 | AU17: 0 | AV17: 0 | AW17: 0 | AX17: 0 | AY17: 0 | AZ17: 0 | BA17: 0 | BB17: 0 | BC17: 0 | BD17: 0 | BE17: 0 | BF17: 0 | BG17: 0 | BH17: 0 | BI17: 0 | BJ17: 0 | BK17: 0 | BL17: 0 | BM17: 0 | BN17: 0 | BO17: 0 | BP17: 0 | BQ17: 0 | BR17: 0 | BS17: 0 | BT17: 0 | BV17: 0 | BW17: 0 | BX17: 0 | BY17: 0 | BZ17: 0 | CA17: 0 | CB17: 0 | CC17: 0 | CD17: 0 | CE17: 0 | CF17: 0 | CG17: 0 | CH17: 0 | CI17: 0 | CJ17: 0 | CK17: 0 | CL17: 0 | CM17: 0 | CN17: 0 | CO17: 0 | CP17: 0 | CQ17: 0 | CR17: 0 | CS17: 0 | CT17: 0 | CU17: 0 | CV17: 0 | CW17: 0 | CX17: 0 | CY17: 0 | CZ17: 0 | DA17: 0 | DB17: 0 | DC17: 0 | DD17: 0 | DE17: 0 | DF17: 0
A18: 13 | B18: ፍሬው ኢትዮጲያ | C18: 21000 | D18: =Sheet3!C14 -> 108 | E18: 21000 | F18: 21000 | G18: 21000 | H18: 21000 | I18: 21000 | J18: 21000 | K18: 21000 | L18: 21000 | M18: 21000 | N18: 21000 | O18: 21000 | P18: 21000 | Q18: 21000 | R18: 21000 | S18: 21000 | T18: 21000 | U18: 21000 | V18: 21000 | W18: 21000 | X18: 21000 | Y18: 21000 | Z18: 21000 | AA18: 21000 | AB18: 21000 | AC18: 21000 | AD18: 21000 | AE18: 21000 | AF18: 21000 | AG18: 21000 | AH18: 21000 | AI18: 21000 | AJ18: 21000 | AK18: 21000 | AL18: 21000 | AM18: 21000 | AN18: 21000 | AO18: 21000 | AP18: 21000 | AQ18: 21000 | AR18: 21000 | AS18: 21000 | AT18: 21000 | AU18: 21000 | AV18: 21000 | AW18: 21000 | AX18: 21000 | AY18: 21000 | AZ18: 21000 | BA18: 21000 | BB18: 21000 | BC18: 21000 | BD18: 21000 | BE18: 21000 | BF18: 21000 | BG18: 21000 | BH18: 21000 | BI18: 21000 | BJ18: 21000 | BK18: 21000 | BL18: 21000 | BM18: 21000 | BN18: 21000 | BO18: 21000 | BP18: 21000 | BQ18: 21000 | BR18: 21000 | BS18: 21000 | BT18: 21000 | BU18: 21000 | BV18: 21000 | BW18: 21000 | BX18: 21000 | BY18: 21000 | BZ18: 21000 | CA18: 21000 | CB18: 21000 | CC18: 21000 | CD18: 21000 | CE18: 21000 | CF18: 21000 | CG18: 21000 | CH18: 21000 | CI18: 21000 | CJ18: 21000 | CK18: 21000 | CL18: 21000 | CM18: 21000 | CN18: 21000 | CO18: 21000 | CP18: 21000 | CQ18: 21000 | CR18: 21000 | CS18: 21000 | CT18: 21000 | CU18: 21000 | CV18: 21000 | CW18: 21000 | CX18: 21000 | CY18: 21000 | CZ18: 21000 | DA18: 21000 | DB18: 21000 | DC18: 21000 | DD18: 21000 | DE18: 21000 | DF18: 21000 | DG18: 21000 | DH18: 21000
A19: 14 | B19: አስራት ኩሳ | C19: 21000 | D19: =Sheet3!C15 -> 106 | E19: 21000 | F19: 21000 | G19: 21000 | H19: 21000 | I19: 21000 | J19: 21000 | K19: 21000 | L19: 21000 | M19: 21000 | N19: 21000 | O19: 21000 | P19: 21000 | Q19: 21000 | R19: 21000 | S19: 21000 | T19: 21000 | U19: 21000 | V19: 21000 | W19: 21000 | X19: 0 | Y19: 42000 | Z19: 21000 | AA19: 21000 | AB19: 21000 | AC19: 21000 | AD19: 21000 | AE19: 21000 | AF19: 0 | AG19: 42000 | AH19: 21000 | AI19: 21000 | AJ19: 0 | AK19: 42000 | AL19: 21000 | AM19: 21000 | AN19: 0 | AO19: 42000 | AP19: 21000 | AQ19: 21000 | AR19: 21000 | AS19: 21000 | AT19: 21000 | AU19: 21000 | AV19: 21000 | AW19: 0 | AX19: 21000 | AY19: 21000 | AZ19: 42000 | BA19: 21000 | BB19: 21000 | BC19: 21000 | BD19: 21000 | BE19: 21000 | BF19: 21000 | BG19: 21000 | BH19: 0 | BI19: 42000 | BJ19: 21000 | BK19: 21000 | BL19: 0 | BM19: 42000 | BN19: 21000 | BO19: 21000 | BP19: 0 | BQ19: 42000 | BS19: 21000 | BT19: 21000 | BU19: 42000 | BV19: 21000 | BW19: 21000 | BX19: 0 | BY19: 42000 | BZ19: 0 | CA19: 42000 | CB19: 21000 | CC19: 21000 | CD19: 21000 | CE19: 0 | CF19: 42000 | CG19: 0 | CH19: 21000 | CI19: 42000 | CJ19: 21000 | CK19: 21000 | CL19: 21000 | CM19: 0 | CN19: 42000 | CO19: 21000 | CP19: 0 | CQ19: 42000 | CR19: 0 | CS19: 42000 | CT19: 0 | CU19: 0 | CV19: 0 | CW19: 63000 | CX19: 0 | CY19: 0 | CZ19: 0 | DA19: 105000 | DB19: 21000 | DC19: 0 | DD19: 0 | DE19: 42000 | DF19: 0 | DG19: 42000
A20: 15 | B20: አበራ ዩሐንስ | C20: 21000 | D20: =Sheet3!C16 -> 88 | E20: 21000 | F20: 21000 | G20: 21000 | H20: 21000 | I20: 21000 | J20: 21000 | K20: 21000 | L20: 21000 | M20: 21000 | N20: 21000 | O20: 21000 | P20: 21000 | Q20: 21000 | R20: 21000 | S20: 21000 | T20: 21000 | U20: 21000 | V20: 21000 | W20: 21000 | X20: 21000 | Y20: 21000 | Z20: 21000 | AA20: 21000 | AB20: 21000 | AC20: 21000 | AD20: 21000 | AE20: 21000 | AF20: 21000 | AG20: 21000 | AH20: 21000 | AI20: 21000 | AJ20: 21000 | AK20: 21000 | AL20: 21000 | AM20: 21000 | AN20: 21000 | AO20: 21000 | AP20: 21000 | AQ20: 21000 | AR20: 21000 | AS20: 21000 | AT20: 21000 | AU20: 21000 | AV20: 0 | AW20: 0 | AX20: 0 | AY20: 21000 | AZ20: 21000 | BA20: 63000 | BB20: 21000 | BC20: 42000 | BD20: 21000 | BE20: 21000 | BF20: 21000 | BG20: 21000 | BH20: 21000 | BI20: 21000 | BJ20: 21000 | BK20: 21000 | BL20: 21000 | BM20: 0 | BN20: 0 | BO20: 0 | BP20: 21000 | BQ20: 0 | BR20: 0 | BS20: 42000 | BT20: 21000 | BU20: 21000 | BV20: 0 | BW20: 0 | BX20: 0 | BY20: 0 | BZ20: 0 | CA20: 0 | CB20: 0 | CC20: 0 | CD20: 21000 | CE20: 0 | CF20: 0 | CG20: 0 | CH20: 0 | CI20: 0 | CJ20: 0 | CK20: 0 | CL20: 0 | CM20: 0 | CN20: 0 | CO20: 0 | CP20: 252000 | CQ20: 105000 | CR20: 105000 | CS20: 0 | CT20: 0 | CU20: 0 | CV20: 0 | CW20: 0 | CX20: 0 | CY20: 0 | CZ20: 0 | DA20: 0 | DB20: 0 | DC20: 0 | DD20: 0 | DE20: 0 | DF20: 0
A21: 16 | B21: አለማየሁ ገዛህኝ | C21: 21000 | D21: =Sheet3!C17 -> 108 | E21: 21000 | F21: 21000 | G21: 21000 | H21: 21000 | I21: 21000 | J21: 21000 | K21: 21000 | L21: 21000 | M21: 21000 | N21: 21000 | O21: 21000 | P21: 21000 | Q21: 21000 | R21: 21000 | S21: 21000 | T21: 21000 | U21: 21000 | V21: 21000 | W21: 21000 | X21: 21000 | Y21: 21000 | Z21: 21000 | AA21: 21000 | AB21: 21000 | AC21: 21000 | AD21: 21000 | AE21: 21000 | AF21: 21000 | AG21: 21000 | AH21: 21000 | AI21: 21000 | AJ21: 21000 | AK21: 21000 | AL21: 21000 | AM21: 21000 | AN21: 21000 | AO21: 21000 | AP21: 21000 | AQ21: 21000 | AR21: 21000 | AS21: 21000 | AT21: 21000 | AU21: 21000 | AV21: 21000 | AW21: 21000 | AX21: 21000 | AY21: 21000 | AZ21: 21000 | BA21: 21000 | BB21: 21000 | BC21: 21000 | BD21: 0 | BE21: 42000 | BF21: 21000 | BG21: 21000 | BH21: 21000 | BI21: 21000 | BJ21: 21000 | BK21: 21000 | BL21: 21000 | BM21: 21000 | BN21: 21000 | BO21: 21000 | BP21: 21000 | BQ21: 21000 | BR21: 21000 | BS21: 21000 | BT21: 21000 | BU21: 21000 | BV21: 21000 | BW21: 21000 | BX21: 21000 | BY21: 21000 | BZ21: 21000 | CA21: 21000 | CB21: 21000 | CC21: 21000 | CD21: 21000 | CE21: 21000 | CF21: 21000 | CG21: 21000 | CH21: 21000 | CI21: 21000 | CJ21: 21000 | CK21: 21000 | CL21: 21000 | CM21: 21000 | CN21: 21000 | CO21: 21000 | CP21: 0 | CQ21: 42000 | CR21: 21000 | CS21: 21000 | CT21: 21000 | CU21: 21000 | CV21: 21000 | CW21: 21000 | CX21: 21000 | CY21: 21000 | CZ21: 21000 | DA21: 21000 | DB21: 21000 | DC21: 21000 | DD21: 21000 | DE21: 21000 | DF21: 21000 | DG21: 21000 | DH21: 21000
A22: 17 | B22: እንግዳ ካሳዬ | C22: 21000 | D22: =Sheet3!C18 -> 100 | E22: 21000 | F22: 21000 | G22: 21000 | H22: 21000 | I22: 21000 | J22: 21000 | K22: 21000 | L22: 21000 | M22: 21000 | N22: 21000 | O22: 21000 | P22: 21000 | Q22: 21000 | R22: 21000 | S22: 21000 | T22: 21000 | U22: 21000 | V22: 21000 | W22: 21000 | X22: 21000 | Y22: 21000 | Z22: 21000 | AA22: 21000 | AB22: 0 | AC22: 42000 | AD22: 21000 | AE22: 21000 | AF22: 21000 | AG22: 21000 | AH22: 21000 | AI22: 21000 | AJ22: 21000 | AK22: 21000 | AL22: 21000 | AM22: 21000 | AN22: 21000 | AO22: 21000 | AP22: 21000 | AQ22: 21000 | AR22: 21000 | AS22: 21000 | AT22: 21000 | AU22: 21000 | AV22: 21000 | AW22: 21000 | AX22: 21000 | AY22: 21000 | AZ22: 21000 | BA22: 21000 | BB22: 21000 | BC22: 21000 | BD22: 21000 | BE22: 21000 | BF22: 0 | BG22: 21000 | BH22: 21000 | BI22: 21000 | BJ22: 21000 | BK22: 21000 | BL22: 21000 | BM22: 21000 | BN22: 0 | BO22: 42000 | BP22: 21000 | BQ22: 21000 | BR22: 21000 | BS22: 21000 | BT22: 21000 | BU22: 21000 | BV22: 21000 | BW22: 21000 | BX22: 21000 | BY22: 21000 | BZ22: 21000 | CA22: 21000 | CB22: 0 | CC22: 42000 | CD22: 21000 | CE22: 0 | CF22: 21000 | CG22: 0 | CH22: 21000 | CI22: 21000 | CJ22: 21000 | CK22: 21000 | CL22: 0 | CM22: 42000 | CN22: 21000 | CO22: 21000 | CP22: 0 | CQ22: 21000 | CR22: 21000 | CS22: 21000 | CT22: 21000 | CU22: 21000 | CV22: 21000 | CW22: 0 | CX22: 21000 | CY22: 0 | CZ22: 0 | DA22: 21000 | DB22: 21000 | DC22: 21000 | DD22: 0 | DE22: 21000 | DF22: 21000 | DG22: 21000 | DH22: 21000
A23: 18 | B23: ህዝቄል ጴጥሮስ | C23: 21000 | D23: =Sheet3!C19 -> 106 | E23: 21000 | F23: 21000 | G23: 21000 | H23: 21000 | I23: 21000 | J23: 21000 | K23: 21000 | L23: 21000 | M23: 21000 | N23: 21000 | O23: 21000 | P23: 21000 | Q23: 21000 | R23: 21000 | S23: 21000 | T23: 21000 | U23: 21000 | V23: 21000 | W23: 21000 | X23: 21000 | Y23: 21000 | Z23: 21000 | AA23: 21000 | AB23: 21000 | AC23: 21000 | AD23: 21000 | AE23: 21000 | AF23: 21000 | AG23: 21000 | AH23: 21000 | AI23: 21000 | AJ23: 21000 | AK23: 21000 | AL23: 0 | AM23: 42000 | AN23: 21000 | AO23: 21000 | AP23: 21000 | AQ23: 21000 | AR23: 21000 | AS23: 21000 | AT23: 21000 | AU23: 21000 | AV23: 21000 | AW23: 21000 | AX23: 21000 | AY23: 21000 | AZ23: 21000 | BA23: 21000 | BB23: 21000 | BC23: 21000 | BD23: 21000 | BE23: 21000 | BF23: 21000 | BG23: 21000 | BH23: 21000 | BI23: 21000 | BJ23: 21000 | BK23: 21000 | BL23: 21000 | BM23: 21000 | BN23: 21000 | BO23: 21000 | BP23: 21000 | BR23: 21000 | BS23: 21000 | BT23: 21000 | BU23: 21000 | BV23: 21000 | BW23: 21000 | BX23: 21000 | BY23: 21000 | BZ23: 21000 | CA23: 21000 | CB23: 21000 | CC23: 21000 | CD23: 21000 | CE23: 0 | CF23: 42000 | CG23: 21000 | CH23: 21000 | CI23: 21000 | CJ23: 21000 | CK23: 21000 | CL23: 0 | CM23: 42000 | CN23: 21000 | CO23: 21000 | CP23: 21000 | CQ23: 21000 | CR23: 21000 | CS23: 0 | CT23: 21000 | CU23: 21000 | CV23: 21000 | CW23: 21000 | CX23: 21000 | CY23: 21000 | CZ23: 21000 | DA23: 21000 | DB23: 21000 | DC23: 0 | DD23: 42000 | DE23: 0 | DF23: 42000 | DH23: 42000
A24: 19 | B24: አንተነህ ግዛዉ | C24: 10500 | D24: =Sheet3!C20 -> 105 | E24: 10500 | F24: 10500 | G24: 10500 | H24: 10500 | I24: 10500 | J24: 10500 | K24: 10500 | L24: 10500 | M24: 10500 | N24: 10500 | O24: 10500 | P24: 10500 | Q24: 10500 | R24: 10500 | S24: 10500 | T24: 10500 | U24: 10500 | V24: 10500 | W24: 10500 | X24: 10500 | Y24: 10500 | Z24: 0 | AA24: 21000 | AB24: 10500 | AC24: 10500 | AD24: 10500 | AE24: 0 | AF24: 10500 | AG24: 21000 | AH24: 10500 | AI24: 10500 | AJ24: 0 | AK24: 21000 | AL24: 10500 | AM24: 10500 | AN24: 10500 | AO24: 10500 | AP24: 10500 | AQ24: 0 | AR24: 10500 | AS24: 21000 | AT24: 0 | AU24: 21000 | AV24: 10500 | AW24: 10500 | AX24: 10500 | AY24: 10500 | AZ24: 0 | BA24: 10500 | BB24: 10500 | BC24: 10500 | BD24: 10500 | BE24: 10500 | BF24: 10500 | BG24: 10500 | BH24: 10500 | BI24: 10500 | BJ24: 10500 | BK24: 10500 | BL24: 10500 | BM24: 10500 | BN24: 10500 | BO24: 10500 | BP24: 0 | BQ24: 21000 | BR24: 10500 | BS24: 10500 | BU24: 21000 | BV24: 0 | BW24: 21000 | BX24: 10500 | BY24: 10500 | BZ24: 10500 | CA24: 10500 | CB24: 10500 | CC24: 10500 | CD24: 10500 | CE24: 0 | CF24: 10500 | CG24: 10500 | CH24: 10500 | CI24: 0 | CJ24: 21000 | CK24: 10500 | CL24: 10500 | CM24: 10500 | CN24: 10500 | CO24: 10500 | CP24: 10500 | CQ24: 10500 | CR24: 10500 | CS24: 10500 | CT24: 10500 | CU24: 10500 | CV24: 10500 | CW24: 10500 | CX24: 0 | CY24: 21000 | CZ24: 0 | DA24: 21000 | DB24: 10500 | DC24: 0 | DD24: 0 | DE24: 21000 | DF24: 10500 | DG24: 10500 | DH24: 10500
A25: 19 | B25: አለማየሁ ገዛህኝ | C25: 10500 | D25: =Sheet3!C21 -> 108 | E25: 10500 | F25: 10500 | G25: 10500 | H25: 10500 | I25: 10500 | J25: 10500 | K25: 10500 | L25: 10500 | M25: 10500 | N25: 10500 | O25: 10500 | P25: 10500 | Q25: 10500 | R25: 10500 | S25: 10500 | T25: 10500 | U25: 10500 | V25: 10500 | W25: 10500 | X25: 10500 | Y25: 10500 | Z25: 10500 | AA25: 10500 | AB25: 10500 | AC25: 10500 | AD25: 10500 | AE25: 10500 | AF25: 10500 | AG25: 10500 | AH25: 10500 | AI25: 10500 | AJ25: 10500 | AK25: 10500 | AL25: 10500 | AM25: 10500 | AN25: 10500 | AO25: 10500 | AP25: 10500 | AQ25: 10500 | AR25: 10500 | AS25: 10500 | AT25: 10500 | AU25: 10500 | AV25: 10500 | AW25: 10500 | AX25: 10500 | AY25: 10500 | AZ25: 10500 | BA25: 10500 | BB25: 10500 | BC25: 10500 | BD25: 0 | BE25: 21000 | BF25: 10500 | BG25: 10500 | BH25: 10500 | BI25: 10500 | BJ25: 10500 | BK25: 10500 | BL25: 10500 | BM25: 10500 | BN25: 10500 | BO25: 10500 | BP25: 10500 | BQ25: 10500 | BR25: 10500 | BS25: 10500 | BT25: 10500 | BU25: 10500 | BV25: 10500 | BW25: 10500 | BX25: 10500 | BY25: 10500 | BZ25: 10500 | CA25: 10500 | CB25: 10500 | CC25: 10500 | CD25: 10500 | CE25: 10500 | CF25: 10500 | CG25: 10500 | CH25: 10500 | CI25: 10500 | CJ25: 10500 | CK25: 10500 | CL25: 10500 | CM25: 10500 | CN25: 10500 | CO25: 10500 | CP25: 0 | CQ25: 10500 | CR25: 10500 | CS25: 10500 | CT25: 21000 | CU25: 10500 | CV25: 10500 | CW25: 10500 | CX25: 10500 | CY25: 10500 | CZ25: 10500 | DA25: 10500 | DB25: 10500 | DC25: 10500 | DD25: 10500 | DE25: 10500 | DF25: 10500 | DG25: 10500 | DH25: 10500
A26: 20 | B26: ሻምበል ቦንጃ | C26: 21000 | D26: =Sheet3!C22 -> 106 | E26: 21000 | F26: 21000 | G26: 21000 | H26: 21000 | I26: 21000 | J26: 21000 | K26: 21000 | L26: 21000 | M26: 21000 | N26: 21000 | O26: 21000 | P26: 21000 | Q26: 21000 | R26: 21000 | S26: 21000 | T26: 21000 | U26: 21000 | V26: 21000 | W26: 21000 | X26: 21000 | Y26: 21000 | Z26: 21000 | AA26: 21000 | AB26: 21000 | AC26: 21000 | AD26: 21000 | AE26: 21000 | AF26: 0 | AG26: 42000 | AH26: 21000 | AI26: 21000 | AJ26: 21000 | AK26: 21000 | AL26: 21000 | AM26: 0 | AN26: 42000 | AO26: 21000 | AP26: 21000 | AQ26: 21000 | AR26: 21000 | AS26: 0 | AT26: 42000 | AU26: 0 | AV26: 42000 | AW26: 21000 | AX26: 21000 | AY26: 0 | AZ26: 42000 | BA26: 0 | BB26: 42000 | BC26: 21000 | BD26: 0 | BE26: 42000 | BF26: 0 | BG26: 42000 | BH26: 21000 | BI26: 21000 | BJ26: 21000 | BK26: 21000 | BL26: 21000 | BM26: 21000 | BN26: 0 | BO26: 42000 | BP26: 21000 | BQ26: 21000 | BS26: 42000 | BT26: 21000 | BV26: 0 | BW26: 63000 | BX26: 0 | BY26: 42000 | BZ26: 0 | CA26: 0 | CB26: 63000 | CC26: 21000 | CD26: 21000 | CE26: 0 | CF26: 0 | CG26: 63000 | CH26: 21000 | CI26: 21000 | CJ26: 21000 | CK26: 0 | CL26: 0 | CM26: 42000 | CN26: 0 | CO26: 0 | CP26: 42000 | CQ26: 0 | CR26: 42000 | CS26: 21000 | CT26: 0 | CU26: 42000 | CV26: 0 | CW26: 42000 | CX26: 0 | CY26: 42000 | CZ26: 0 | DA26: 42000 | DB26: 21000 | DC26: 0 | DD26: 42000 | DE26: 0 | DF26: 42000 | DH26: 42000
A27: 21 | B27: ማተጎ አመኖ | C27: 21000 | D27: =Sheet3!C23 -> 106 | E27: 21000 | F27: 21000 | G27: 21000 | H27: 21000 | I27: 21000 | J27: 21000 | K27: 21000 | L27: 21000 | M27: 21000 | N27: 21000 | O27: 21000 | P27: 21000 | Q27: 21000 | R27: 21000 | S27: 21000 | T27: 21000 | U27: 21000 | V27: 21000 | W27: 21000 | X27: 0 | Y27: 42000 | Z27: 21000 | AA27: 21000 | AB27: 0 | AC27: 42000 | AD27: 21000 | AE27: 21000 | AF27: 0 | AG27: 42000 | AH27: 21000 | AI27: 21000 | AJ27: 0 | AK27: 42000 | AL27: 21000 | AM27: 21000 | AN27: 21000 | AO27: 21000 | AP27: 21000 | AQ27: 21000 | AR27: 21000 | AS27: 21000 | AT27: 21000 | AU27: 21000 | AV27: 21000 | AW27: 21000 | AX27: 21000 | AY27: 21000 | AZ27: 0 | BA27: 42000 | BB27: 21000 | BC27: 21000 | BD27: 0 | BE27: 42000 | BF27: 21000 | BG27: 21000 | BH27: 0 | BI27: 42000 | BJ27: 21000 | BK27: 21000 | BL27: 0 | BM27: 42000 | BN27: 21000 | BO27: 21000 | BP27: 0 | BQ27: 42000 | BR27: 21000 | BS27: 21000 | BU27: 21000 | BV27: 21000 | BW27: 42000 | BX27: 21000 | BY27: 21000 | BZ27: 21000 | CA27: 21000 | CB27: 21000 | CC27: 21000 | CD27: 21000 | CE27: 0 | CF27: 21000 | CG27: 21000 | CH27: 21000 | CI27: 21000 | CJ27: 21000 | CK27: 21000 | CL27: 21000 | CM27: 21000 | CN27: 21000 | CO27: 21000 | CP27: 21000 | CQ27: 42000 | CR27: 0 | CS27: 21000 | CT27: 21000 | CU27: 21000 | CV27: 21000 | CW27: 21000 | CX27: 21000 | CY27: 21000 | CZ27: 0 | DA27: 21000 | DB27: 21000 | DC27: 21000 | DD27: 0 | DE27: 42000 | DF27: 21000 | DG27: 21000 | DH27: 21000
A28: 22 | B28: ማሩ እርቅይሁን | C28: 21000 | D28: =Sheet3!C24 -> 108 | E28: 21000 | F28: 21000 | G28: 21000 | H28: 21000 | I28: 21000 | J28: 21000 | K28: 21000 | L28: 21000 | M28: 21000 | N28: 21000 | O28: 21000 | P28: 21000 | Q28: 21000 | R28: 21000 | S28: 21000 | T28: 21000 | U28: 21000 | V28: 21000 | W28: 21000 | X28: 21000 | Y28: 21000 | Z28: 21000 | AA28: 21000 | AB28: 21000 | AC28: 21000 | AD28: 21000 | AE28: 21000 | AF28: 21000 | AG28: 21000 | AH28: 21000 | AI28: 21000 | AJ28: 21000 | AK28: 21000 | AL28: 21000 | AM28: 21000 | AN28: 21000 | AO28: 21000 | AP28: 0 | AQ28: 42000 | AR28: 21000 | AS28: 21000 | AT28: 21000 | AU28: 21000 | AV28: 21000 | AW28: 21000 | AX28: 21000 | AY28: 21000 | AZ28: 21000 | BA28: 21000 | BB28: 21000 | BC28: 21000 | BD28: 21000 | BE28: 21000 | BF28: 21000 | BG28: 21000 | BH28: 21000 | BI28: 21000 | BJ28: 21000 | BK28: 21000 | BL28: 21000 | BM28: 21000 | BN28: 0 | BO28: 42000 | BP28: 21000 | BQ28: 21000 | BR28: 21000 | BS28: 21000 | BT28: 21000 | BU28: 21000 | BV28: 21000 | BW28: 21000 | BX28: 21000 | BY28: 21000 | BZ28: 21000 | CA28: 21000 | CB28: 21000 | CC28: 21000 | CD28: 21000 | CE28: 0 | CF28: 42000 | CG28: 21000 | CH28: 21000 | CI28: 21000 | CJ28: 21000 | CK28: 21000 | CL28: 21000 | CM28: 21000 | CN28: 21000 | CO28: 21000 | CP28: 21000 | CQ28: 21000 | CR28: 21000 | CS28: 21000 | CT28: 21000 | CU28: 21000 | CV28: 21000 | CW28: 21000 | CX28: 21000 | CY28: 21000 | CZ28: 21000 | DA28: 21000 | DB28: 21000 | DC28: 21000 | DD28: 21000 | DE28: 21000 | DF28: 21000 | DG28: 21000 | DH28: 21000
A29: 23 | B29: ደረጀ ታደግ | C29: 21000 | D29: =Sheet3!C25 -> 103 | E29: 21000 | F29: 21000 | G29: 21000 | H29: 21000 | I29: 21000 | J29: 21000 | K29: 21000 | L29: 21000 | M29: 21000 | N29: 21000 | O29: 21000 | P29: 21000 | Q29: 21000 | R29: 21000 | S29: 21000 | T29: 21000 | U29: 21000 | V29: 21000 | W29: 21000 | X29: 21000 | Y29: 21000 | Z29: 21000 | AA29: 21000 | AB29: 21000 | AC29: 21000 | AD29: 21000 | AE29: 21000 | AF29: 0 | AG29: 42000 | AH29: 21000 | AI29: 21000 | AJ29: 21000 | AK29: 21000 | AL29: 21000 | AM29: 21000 | AN29: 21000 | AO29: 21000 | AP29: 21000 | AQ29: 21000 | AR29: 21000 | AS29: 21000 | AT29: 21000 | AU29: 21000 | AV29: 21000 | AW29: 21000 | AX29: 21000 | AY29: 21000 | AZ29: 0 | BA29: 42000 | BB29: 21000 | BC29: 21000 | BD29: 21000 | BE29: 21000 | BF29: 21000 | BG29: 21000 | BH29: 21000 | BI29: 21000 | BJ29: 21000 | BK29: 21000 | BL29: 21000 | BM29: 21000 | BN29: 21000 | BO29: 21000 | BP29: 21000 | BQ29: 21000 | BR29: 21000 | BS29: 21000 | BU29: 42000 | BV29: 21000 | BW29: 21000 | BX29: 0 | BY29: 21000 | BZ29: 21000 | CA29: 21000 | CB29: 21000 | CC29: 21000 | CD29: 21000 | CE29: 21000 | CF29: 21000 | CG29: 21000 | CH29: 21000 | CI29: 21000 | CJ29: 21000 | CK29: 0 | CL29: 42000 | CM29: 21000 | CN29: 21000 | CO29: 0 | CP29: 0 | CQ29: 63000 | CR29: 21000 | CS29: 0 | CT29: 21000 | CU29: 21000 | CV29: 21000 | CW29: 21000 | CX29: 21000 | CY29: 21000 | CZ29: 21000 | DA29: 0 | DB29: 0 | DC29: 21000 | DD29: 0 | DE29: 21000 | DF29: 21000 | DG29: 21000 | DH29: 21000
A30: 24 | B30: ስንቅነሽ ጃራ | C30: 21000 | D30: =Sheet3!C26 -> 108 | E30: 21000 | F30: 21000 | G30: 21000 | H30: 21000 | I30: 21000 | J30: 21000 | K30: 21000 | L30: 21000 | M30: 21000 | N30: 21000 | O30: 21000 | P30: 21000 | Q30: 21000 | R30: 21000 | S30: 21000 | T30: 21000 | U30: 21000 | V30: 21000 | W30: 21000 | X30: 21000 | Y30: 21000 | Z30: 0 | AA30: 42000 | AB30: 0 | AC30: 42000 | AD30: 0 | AE30: 21000 | AF30: 42000 | AG30: 21000 | AH30: 21000 | AI30: 21000 | AJ30: 21000 | AK30: 21000 | AL30: 21000 | AM30: 21000 | AN30: 21000 | AO30: 21000 | AP30: 21000 | AQ30: 21000 | AR30: 21000 | AS30: 21000 | AT30: 21000 | AU30: 21000 | AV30: 21000 | AW30: 21000 | AX30: 21000 | AY30: 21000 | AZ30: 21000 | BA30: 21000 | BB30: 21000 | BC30: 21000 | BD30: 21000 | BE30: 21000 | BF30: 21000 | BG30: 21000 | BH30: 0 | BI30: 42000 | BJ30: 21000 | BK30: 21000 | BL30: 21000 | BM30: 21000 | BN30: 0 | BO30: 42000 | BP30: 21000 | BQ30: 21000 | BR30: 21000 | BS30: 21000 | BT30: 21000 | BU30: 21000 | BV30: 21000 | BW30: 21000 | BX30: 21000 | BY30: 21000 | BZ30: 21000 | CA30: 21000 | CB30: 21000 | CC30: 21000 | CD30: 21000 | CE30: 0 | CF30: 42000 | CG30: 21000 | CH30: 21000 | CI30: 21000 | CJ30: 21000 | CK30: 21000 | CL30: 21000 | CM30: 21000 | CN30: 21000 | CO30: 21000 | CP30: 21000 | CQ30: 21000 | CR30: 21000 | CS30: 21000 | CT30: 21000 | CU30: 21000 | CV30: 21000 | CW30: 21000 | CX30: 21000 | CY30: 21000 | CZ30: 21000 | DA30: 21000 | DB30: 21000 | DC30: 21000 | DD30: 21000 | DE30: 21000 | DF30: 21000 | DG30: 21000 | DH30: 21000
A31: 25 | B31: ይድነቃቸው ወ/መስቀል | C31: 21000 | D31: =Sheet3!C27 -> 108 | E31: 21000 | F31: 21000 | G31: 21000 | H31: 21000 | I31: 21000 | J31: 21000 | K31: 21000 | L31: 21000 | M31: 21000 | N31: 21000 | O31: 21000 | P31: 21000 | Q31: 21000 | R31: 21000 | S31: 21000 | T31: 21000 | U31: 21000 | V31: 21000 | W31: 21000 | X31: 21000 | Y31: 21000 | Z31: 21000 | AA31: 21000 | AB31: 21000 | AC31: 21000 | AD31: 21000 | AE31: 21000 | AF31: 21000 | AG31: 21000 | AH31: 21000 | AI31: 21000 | AJ31: 21000 | AK31: 21000 | AL31: 21000 | AM31: 21000 | AN31: 21000 | AO31: 21000 | AP31: 21000 | AQ31: 21000 | AR31: 21000 | AS31: 0 | AT31: 42000 | AU31: 0 | AV31: 42000 | AW31: 21000 | AX31: 0 | AY31: 42000 | AZ31: 21000 | BA31: 21000 | BB31: 21000 | BC31: 21000 | BD31: 21000 | BE31: 0 | BF31: 42000 | BG31: 21000 | BH31: 0 | BI31: 42000 | BJ31: 21000 | BK31: 21000 | BL31: 21000 | BM31: 21000 | BN31: 0 | BO31: 42000 | BP31: 0 | BQ31: 42000 | BR31: 21000 | BS31: 21000 | BT31: 21000 | BU31: 21000 | BV31: 21000 | BW31: 21000 | BX31: 21000 | BY31: 21000 | BZ31: 21000 | CA31: 0 | CB31: 42000 | CC31: 0 | CD31: 42000 | CE31: 21000 | CF31: 21000 | CG31: 0 | CH31: 42000 | CI31: 0 | CJ31: 42000 | CK31: 21000 | CL31: 21000 | CM31: 21000 | CN31: 21000 | CO31: 21000 | CP31: 21000 | CQ31: 0 | CR31: 42000 | CS31: 21000 | CT31: 21000 | CU31: 21000 | CV31: 21000 | CW31: 21000 | CX31: 21000 | CY31: 21000 | CZ31: 21000 | DA31: 21000 | DB31: 21000 | DC31: 21000 | DD31: 21000 | DE31: 21000 | DF31: 21000 | DG31: 21000 | DH31: 21000
A32: 26 | B32: ፈትለወርቅ ታደሰ | C32: 21000 | D32: =Sheet3!C28 -> 108 | E32: 21000 | F32: 21000 | G32: 21000 | H32: 21000 | I32: 21000 | J32: 21000 | K32: 21000 | L32: 21000 | M32: 21000 | N32: 21000 | O32: 21000 | P32: 21000 | Q32: 21000 | R32: 21000 | S32: 21000 | T32: 21000 | U32: 21000 | V32: 21000 | W32: 21000 | X32: 21000 | Y32: 21000 | Z32: 21000 | AA32: 21000 | AB32: 21000 | AC32: 21000 | AD32: 21000 | AE32: 21000 | AF32: 21000 | AG32: 21000 | AH32: 21000 | AI32: 21000 | AJ32: 21000 | AK32: 21000 | AL32: 21000 | AM32: 21000 | AN32: 21000 | AO32: 21000 | AP32: 21000 | AQ32: 21000 | AR32: 21000 | AS32: 0 | AT32: 42000 | AU32: 0 | AV32: 42000 | AW32: 21000 | AX32: 0 | AY32: 42000 | AZ32: 21000 | BA32: 21000 | BB32: 21000 | BC32: 21000 | BD32: 21000 | BE32: 0 | BF32: 42000 | BG32: 21000 | BH32: 0 | BI32: 42000 | BJ32: 21000 | BK32: 21000 | BL32: 21000 | BM32: 21000 | BN32: 0 | BO32: 42000 | BP32: 0 | BQ32: 42000 | BR32: 21000 | BS32: 21000 | BT32: 21000 | BU32: 21000 | BV32: 21000 | BW32: 21000 | BX32: 21000 | BY32: 21000 | BZ32: 21000 | CA32: 0 | CB32: 42000 | CC32: 0 | CD32: 42000 | CE32: 21000 | CF32: 21000 | CG32: 0 | CH32: 42000 | CI32: 0 | CJ32: 42000 | CK32: 21000 | CL32: 21000 | CM32: 21000 | CN32: 21000 | CO32: 21000 | CP32: 21000 | CQ32: 0 | CR32: 42000 | CS32: 21000 | CT32: 21000 | CU32: 21000 | CV32: 21000 | CW32: 21000 | CX32: 21000 | CY32: 21000 | CZ32: 21000 | DA32: 21000 | DB32: 21000 | DC32: 21000 | DD32: 21000 | DE32: 21000 | DF32: 21000 | DG32: 21000 | DH32: 21000
A33: 27 | B33: አንተነህ ግዛዉ | C33: 21000 | D33: =Sheet3!C29 -> 105 | E33: 21000 | F33: 21000 | G33: 21000 | H33: 21000 | I33: 21000 | J33: 21000 | K33: 21000 | L33: 21000 | M33: 21000 | N33: 21000 | O33: 21000 | P33: 21000 | Q33: 21000 | R33: 21000 | S33: 21000 | T33: 21000 | U33: 21000 | V33: 21000 | W33: 21000 | X33: 21000 | Y33: 21000 | Z33: 0 | AA33: 42000 | AB33: 21000 | AC33: 21000 | AD33: 21000 | AE33: 0 | AF33: 21000 | AG33: 42000 | AH33: 21000 | AI33: 21000 | AJ33: 0 | AK33: 42000 | AL33: 21000 | AM33: 21000 | AN33: 21000 | AO33: 21000 | AP33: 21000 | AQ33: 0 | AR33: 42000 | AS33: 21000 | AT33: 0 | AU33: 42000 | AV33: 21000 | AW33: 21000 | AX33: 21000 | AY33: 21000 | AZ33: 0 | BA33: 21000 | BB33: 21000 | BC33: 21000 | BD33: 21000 | BE33: 21000 | BF33: 21000 | BG33: 21000 | BH33: 21000 | BI33: 21000 | BJ33: 21000 | BK33: 21000 | BL33: 21000 | BM33: 21000 | BN33: 21000 | BO33: 21000 | BP33: 0 | BQ33: 42000 | BR33: 21000 | BS33: 21000 | BU33: 42000 | BV33: 0 | BW33: 42000 | BX33: 21000 | BY33: 21000 | BZ33: 21000 | CA33: 21000 | CB33: 21000 | CC33: 21000 | CD33: 21000 | CE33: 0 | CF33: 21000 | CG33: 21000 | CH33: 21000 | CI33: 0 | CJ33: 42000 | CK33: 21000 | CL33: 21000 | CM33: 21000 | CN33: 21000 | CO33: 21000 | CP33: 21000 | CQ33: 21000 | CR33: 21000 | CS33: 21000 | CT33: 21000 | CU33: 21000 | CV33: 21000 | CW33: 21000 | CX33: 0 | CY33: 42000 | CZ33: 0 | DA33: 42000 | DB33: 21000 | DC33: 0 | DD33: 0 | DE33: 42000 | DF33: 21000 | DG33: 21000 | DH33: 21000
A34: 28 | B34: ግርማ አበበ | C34: 21000 | D34: =Sheet3!C30 -> 0 | E34: 0 | F34: 0 | G34: 0 | H34: 0 | I34: 0 | J34: 0 | K34: 0 | L34: 0 | M34: 0 | N34: 0 | O34: 0 | P34: 0 | Q34: 0 | R34: 0 | S34: 0 | T34: 0 | U34: 0 | V34: 0 | W34: 0 | X34: 0 | Y34: 0 | Z34: 0 | AA34: 0 | AB34: 0 | AC34: 0 | AD34: 0 | AE34: 0 | AF34: 0 | AG34: 0 | AH34: 0 | AI34: 0 | AJ34: 0 | AK34: 0 | AL34: 0 | AM34: 0 | AN34: 0 | AO34: 0 | AP34: 0 | AQ34: 0 | AR34: 0 | AS34: 0 | AT34: 0 | AU34: 0 | AV34: 0 | AW34: 0 | AX34: 0 | AY34: 0 | AZ34: 0 | BA34: 0 | BB34: 0 | BC34: 0 | BD34: 0 | BE34: 0 | BF34: 0 | BG34: 0 | BH34: 0 | BI34: 0 | BJ34: 0 | BK34: 0 | BL34: 0 | BM34: 0 | BN34: 0 | BO34: 0 | BP34: 0 | BQ34: 0 | BR34: 0 | BS34: 0 | BT34: 0 | BV34: 0 | BW34: 0 | BX34: 0 | BY34: 0 | BZ34: 0 | CA34: 0 | CB34: 0 | CC34: 0 | CD34: 0 | CF34: 0 | CG34: 0 | CH34: 0 | CI34: 0 | CJ34: 0 | CK34: 0 | CL34: 0 | CM34: 0 | CN34: 0 | CO34: 0 | CP34: 0 | CQ34: 0 | CR34: 0 | CS34: 0 | CT34: 0 | CU34: 0 | CV34: 0 | CW34: 0 | CX34: 0 | CY34: 0 | CZ34: 0 | DA34: 0 | DB34: 0 | DC34: 0 | DD34: 0 | DE34: 0 | DF34: 0
A35: 29 | B35: መስፍን መንግስቱ | C35: 21000 | D35: =Sheet3!C31 -> 104 | E35: 21000 | F35: 21000 | G35: 21000 | H35: 21000 | I35: 21000 | J35: 21000 | K35: 21000 | L35: 21000 | M35: 21000 | N35: 21000 | O35: 21000 | P35: 21000 | Q35: 21000 | R35: 21000 | S35: 21000 | T35: 21000 | U35: 21000 | V35: 21000 | W35: 21000 | X35: 21000 | Y35: 21000 | Z35: 21000 | AA35: 21000 | AB35: 21000 | AC35: 21000 | AD35: 21000 | AE35: 0 | AF35: 42000 | AG35: 21000 | AH35: 21000 | AI35: 21000 | AJ35: 21000 | AK35: 21000 | AL35: 21000 | AM35: 21000 | AN35: 21000 | AO35: 21000 | AP35: 21000 | AQ35: 21000 | AR35: 21000 | AS35: 21000 | AT35: 21000 | AU35: 21000 | AV35: 21000 | AW35: 21000 | AX35: 21000 | AY35: 21000 | AZ35: 21000 | BA35: 21000 | BB35: 21000 | BC35: 0 | BD35: 42000 | BE35: 21000 | BF35: 21000 | BG35: 21000 | BH35: 0 | BI35: 21000 | BJ35: 21000 | BK35: 42000 | BL35: 0 | BM35: 42000 | BN35: 0 | BO35: 21000 | BP35: 0 | BQ35: 42000 | BR35: 21000 | BS35: 0 | BT35: 42000 | BU35: 21000 | BV35: 0 | BW35: 0 | BX35: 63000 | BY35: 0 | BZ35: 0 | CA35: 42000 | CB35: 42000 | CC35: 21000 | CD35: 21000 | CF35: 42000 | CG35: 0 | CH35: 63000 | CI35: 0 | CJ35: 42000 | CK35: 21000 | CL35: 21000 | CM35: 0 | CN35: 42000 | CO35: 21000 | CP35: 21000 | CQ35: 21000 | CR35: 0 | CS35: 42000 | CT35: 21000 | CU35: 0 | CV35: 0 | CW35: 0 | CX35: 0 | CY35: 0 | CZ35: 0 | DA35: 63000 | DB35: 84000 | DC35: 0 | DD35: 0 | DE35: 0 | DF35: 0 | DG35: 63000
A36: 30 | B36: እሱባለው ስለሺ | C36: 21000 | D36: =Sheet3!C32 -> 92 | E36: 21000 | F36: 21000 | G36: 21000 | H36: 21000 | I36: 21000 | J36: 21000 | K36: 21000 | L36: 21000 | M36: 21000 | N36: 21000 | O36: 21000 | P36: 21000 | Q36: 21000 | R36: 21000 | S36: 21000 | T36: 21000 | U36: 21000 | V36: 21000 | W36: 21000 | X36: 21000 | Y36: 21000 | Z36: 21000 | AA36: 21000 | AB36: 21000 | AC36: 21000 | AD36: 21000 | AE36: 21000 | AF36: 21000 | AG36: 21000 | AH36: 21000 | AI36: 21000 | AJ36: 21000 | AK36: 21000 | AL36: 21000 | AM36: 21000 | AN36: 21000 | AO36: 21000 | AP36: 21000 | AQ36: 21000 | AR36: 21000 | AS36: 21000 | AT36: 21000 | AU36: 21000 | AV36: 21000 | AW36: 21000 | AX36: 21000 | AY36: 21000 | AZ36: 21000 | BA36: 21000 | BB36: 21000 | BC36: 21000 | BD36: 21000 | BE36: 21000 | BF36: 21000 | BG36: 21000 | BH36: 21000 | BI36: 21000 | BJ36: 21000 | BK36: 21000 | BL36: 21000 | BM36: 21000 | BN36: 0 | BO36: 21000 | BP36: 21000 | BR36: 42000 | BS36: 21000 | BU36: 21000 | BV36: 21000 | BW36: 21000 | BX36: 0 | BY36: 42000 | BZ36: 0 | CA36: 0 | CB36: 42000 | CC36: 0 | CD36: 42000 | CF36: 42000 | CG36: 0 | CH36: 42000 | CI36: 0 | CJ36: 42000 | CK36: 0 | CL36: 0 | CM36: 42000 | CN36: 0 | CO36: 0 | CP36: 42000 | CQ36: 0 | CR36: 21000 | CS36: 0 | CT36: 0 | CU36: 0 | CV36: 42000 | CW36: 42000 | CX36: 0 | CY36: 21000 | CZ36: 0 | DA36: 21000 | DB36: 0 | DC36: 0 | DD36: 0 | DE36: 0 | DF36: 0
A37: 31 | B37: ከፈለኝ ፃዲቁ | C37: 21000 | D37: =Sheet3!C33 -> 0 | E37: 0 | F37: 0 | G37: 0 | H37: 0 | I37: 0 | J37: 0 | K37: 0 | L37: 0 | M37: 0 | N37: 0 | O37: 0 | P37: 0 | Q37: 0 | R37: 0 | S37: 0 | T37: 0 | U37: 0 | V37: 0 | W37: 0 | X37: 0 | Y37: 0 | Z37: 0 | AA37: 0 | AB37: 0 | AC37: 0 | AD37: 0 | AE37: 0 | AF37: 0 | AG37: 0 | AH37: 0 | AI37: 0 | AJ37: 0 | AK37: 0 | AL37: 0 | AM37: 0 | AN37: 0 | AO37: 0 | AP37: 0 | AQ37: 0 | AR37: 0 | AS37: 0 | AT37: 0 | AU37: 0 | AV37: 0 | AW37: 0 | AX37: 0 | AY37: 0 | AZ37: 0 | BA37: 0 | BB37: 0 | BC37: 0 | BD37: 0 | BE37: 0 | BF37: 0 | BG37: 0 | BH37: 0 | BI37: 0 | BJ37: 0 | BK37: 0 | BL37: 0 | BM37: 0 | BN37: 0 | BO37: 0 | BP37: 0 | BQ37: 0 | BR37: 0 | BS37: 0 | BT37: 0 | BV37: 0 | BW37: 0 | BX37: 0 | BY37: 0 | BZ37: 0 | CA37: 0 | CB37: 0 | CC37: 0 | CD37: 0 | CF37: 0 | CG37: 0 | CH37: 0 | CI37: 0 | CJ37: 0 | CK37: 0 | CL37: 0 | CM37: 0 | CN37: 0 | CO37: 0 | CP37: 0 | CQ37: 0 | CR37: 0 | CS37: 0 | CT37: 0 | CU37: 0 | CV37: 0 | CW37: 0 | CX37: 0 | CY37: 0 | CZ37: 0 | DA37: 0 | DB37: 0 | DC37: 0 | DD37: 0 | DE37: 0 | DF37: 0
A38: 32 | B38: ዳንኤል ጎሌ | C38: 21000 | D38: =Sheet3!C34 -> 108 | E38: 21000 | F38: 21000 | G38: 21000 | H38: 21000 | I38: 21000 | J38: 21000 | K38: 21000 | L38: 21000 | M38: 21000 | N38: 21000 | O38: 21000 | P38: 21000 | Q38: 21000 | R38: 21000 | S38: 21000 | T38: 21000 | U38: 21000 | V38: 21000 | W38: 21000 | X38: 21000 | Y38: 21000 | Z38: 21000 | AA38: 21000 | AB38: 21000 | AC38: 21000 | AD38: 21000 | AE38: 21000 | AF38: 21000 | AG38: 21000 | AH38: 21000 | AI38: 21000 | AJ38: 21000 | AK38: 21000 | AL38: 21000 | AM38: 21000 | AN38: 21000 | AO38: 21000 | AP38: 21000 | AQ38: 21000 | AR38: 21000 | AS38: 21000 | AT38: 21000 | AU38: 21000 | AV38: 21000 | AW38: 21000 | AX38: 21000 | AY38: 21000 | AZ38: 21000 | BA38: 21000 | BB38: 21000 | BC38: 21000 | BD38: 21000 | BE38: 21000 | BF38: 21000 | BG38: 21000 | BH38: 21000 | BI38: 21000 | BJ38: 21000 | BK38: 21000 | BL38: 21000 | BM38: 21000 | BN38: 21000 | BO38: 21000 | BP38: 21000 | BQ38: 21000 | BR38: 21000 | BS38: 21000 | BT38: 21000 | BU38: 21000 | BV38: 21000 | BW38: 21000 | BX38: 21000 | BY38: 21000 | BZ38: 21000 | CA38: 21000 | CB38: 21000 | CC38: 21000 | CD38: 21000 | CE38: 21000 | CF38: 21000 | CG38: 21000 | CH38: 0 | CI38: 42000 | CJ38: 21000 | CK38: 21000 | CL38: 21000 | CM38: 21000 | CN38: 21000 | CO38: 21000 | CP38: 21000 | CQ38: 21000 | CR38: 21000 | CS38: 21000 | CT38: 21000 | CU38: 21000 | CV38: 21000 | CW38: 21000 | CX38: 21000 | CY38: 21000 | CZ38: 21000 | DA38: 21000 | DB38: 21000 | DC38: 21000 | DD38: 21000 | DE38: 21000 | DF38: 21000 | DG38: 21000 | DH38: 21000
A39: 33 | B39: አየነዉ ፀጋዩ | C39: 21000 | D39: =Sheet3!C35 -> 105 | E39: 21000 | F39: 21000 | G39: 21000 | H39: 21000 | I39: 21000 | J39: 21000 | K39: 21000 | L39: 21000 | M39: 21000 | N39: 21000 | O39: 21000 | P39: 21000 | Q39: 21000 | R39: 21000 | S39: 21000 | T39: 21000 | U39: 21000 | V39: 21000 | W39: 21000 | X39: 21000 | Y39: 21000 | Z39: 21000 | AA39: 21000 | AB39: 21000 | AC39: 21000 | AD39: 21000 | AE39: 21000 | AF39: 21000 | AG39: 21000 | AH39: 21000 | AI39: 21000 | AJ39: 21000 | AK39: 21000 | AL39: 21000 | AM39: 21000 | AN39: 21000 | AO39: 21000 | AP39: 21000 | AQ39: 21000 | AR39: 21000 | AS39: 21000 | AT39: 21000 | AU39: 21000 | AV39: 21000 | AW39: 21000 | AX39: 21000 | AY39: 21000 | AZ39: 21000 | BA39: 21000 | BB39: 21000 | BC39: 21000 | BD39: 21000 | BE39: 21000 | BF39: 21000 | BG39: 0 | BH39: 42000 | BI39: 0 | BJ39: 42000 | BK39: 21000 | BL39: 21000 | BM39: 21000 | BN39: 0 | BO39: 42000 | BP39: 21000 | BQ39: 21000 | BS39: 42000 | BT39: 21000 | BV39: 42000 | BW39: 0 | BX39: 42000 | BY39: 21000 | BZ39: 21000 | CA39: 0 | CB39: 0 | CC39: 63000 | CD39: 0 | CF39: 42000 | CG39: 21000 | CH39: 21000 | CI39: 0 | CJ39: 0 | CK39: 63000 | CL39: 0 | CM39: 0 | CN39: 42000 | CO39: 0 | CP39: 42000 | CQ39: 0 | CR39: 42000 | CS39: 0 | CT39: 42000 | CU39: 0 | CV39: 0 | CW39: 63000 | CX39: 0 | CY39: 0 | CZ39: 0 | DA39: 84000 | DB39: 0 | DC39: 0 | DD39: 0 | DE39: 0 | DF39: 84000 | DG39: 42000
A40: 34 | B40: ደሊል ፍሬው | C40: 21000 | D40: =Sheet3!C36 -> 108 | E40: 21000 | F40: 21000 | G40: 21000 | H40: 21000 | I40: 21000 | J40: 21000 | K40: 21000 | L40: 21000 | M40: 21000 | N40: 21000 | O40: 21000 | P40: 21000 | Q40: 21000 | R40: 21000 | S40: 21000 | T40: 21000 | U40: 21000 | V40: 21000 | W40: 21000 | X40: 21000 | Y40: 21000 | Z40: 21000 | AA40: 21000 | AB40: 0 | AC40: 42000 | AD40: 21000 | AE40: 21000 | AF40: 21000 | AG40: 21000 | AH40: 21000 | AI40: 21000 | AJ40: 21000 | AK40: 21000 | AL40: 21000 | AM40: 21000 | AN40: 21000 | AO40: 21000 | AP40: 21000 | AQ40: 21000 | AR40: 21000 | AS40: 21000 | AT40: 21000 | AU40: 21000 | AV40: 21000 | AW40: 21000 | AX40: 21000 | AY40: 21000 | AZ40: 21000 | BA40: 21000 | BB40: 21000 | BC40: 21000 | BD40: 21000 | BE40: 21000 | BF40: 21000 | BG40: 21000 | BH40: 21000 | BI40: 21000 | BJ40: 21000 | BK40: 21000 | BL40: 21000 | BM40: 21000 | BN40: 21000 | BO40: 21000 | BP40: 21000 | BQ40: 21000 | BR40: 21000 | BS40: 21000 | BT40: 21000 | BU40: 21000 | BV40: 21000 | BW40: 21000 | BX40: 21000 | BY40: 21000 | BZ40: 21000 | CA40: 21000 | CB40: 21000 | CC40: 21000 | CD40: 21000 | CE40: 21000 | CF40: 21000 | CG40: 21000 | CH40: 21000 | CI40: 21000 | CJ40: 21000 | CK40: 21000 | CL40: 21000 | CM40: 21000 | CN40: 21000 | CO40: 21000 | CP40: 21000 | CQ40: 21000 | CR40: 21000 | CS40: 21000 | CT40: 0 | CU40: 42000 | CV40: 21000 | CW40: 21000 | CX40: 21000 | CY40: 21000 | CZ40: 21000 | DA40: 21000 | DB40: 21000 | DC40: 21000 | DD40: 21000 | DE40: 21000 | DF40: 21000 | DG40: 21000 | DH40: 21000
A41: 35 | B41: ኤርሚያስ ሲራ | C41: 21000 | D41: =Sheet3!C37 -> 101 | E41: 21000 | F41: 21000 | G41: 21000 | H41: 21000 | I41: 21000 | J41: 21000 | K41: 21000 | L41: 21000 | M41: 21000 | N41: 21000 | O41: 21000 | P41: 21000 | Q41: 21000 | R41: 21000 | S41: 21000 | T41: 21000 | U41: 21000 | V41: 21000 | W41: 21000 | X41: 21000 | Y41: 21000 | Z41: 21000 | AA41: 21000 | AB41: 21000 | AC41: 21000 | AD41: 21000 | AE41: 21000 | AF41: 21000 | AG41: 21000 | AH41: 21000 | AI41: 21000 | AJ41: 21000 | AK41: 21000 | AL41: 21000 | AM41: 21000 | AN41: 21000 | AO41: 21000 | AP41: 21000 | AQ41: 21000 | AR41: 0 | AS41: 42000 | AT41: 21000 | AU41: 21000 | AV41: 21000 | AW41: 21000 | AX41: 21000 | AY41: 21000 | AZ41: 21000 | BA41: 21000 | BB41: 21000 | BC41: 21000 | BD41: 21000 | BE41: 0 | BF41: 21000 | BG41: 21000 | BH41: 42000 | BI41: 0 | BJ41: 21000 | BK41: 21000 | BL41: 21000 | BM41: 21000 | BN41: 21000 | BO41: 21000 | BP41: 21000 | BR41: 42000 | BS41: 21000 | BU41: 42000 | BV41: 21000 | BW41: 0 | BX41: 21000 | BY41: 21000 | BZ41: 21000 | CA41: 0 | CB41: 42000 | CC41: 21000 | CD41: 0 | CE41: 42000 | CF41: 0 | CG41: 0 | CH41: 42000 | CI41: 42000 | CJ41: 21000 | CK41: 21000 | CL41: 21000 | CM41: 0 | CN41: 0 | CO41: 0 | CP41: 42000 | CQ41: 0 | CR41: 21000 | CS41: 21000 | CT41: 42000 | CU41: 0 | CV41: 42000 | CW41: 0 | CX41: 42000 | CY41: 21000 | CZ41: 0 | DA41: 42000 | DB41: 0 | DC41: 0 | DD41: 42000 | DE41: 0 | DF41: 0 | DG41: 42000
A42: 36 | B42: ቢልቢሎ ቢንቤ | C42: 21000 | D42: =Sheet3!C38 -> 107 | E42: 21000 | F42: 21000 | G42: 21000 | H42: 21000 | I42: 21000 | J42: 21000 | K42: 21000 | L42: 21000 | M42: 21000 | N42: 21000 | O42: 21000 | P42: 21000 | Q42: 21000 | R42: 21000 | S42: 21000 | T42: 21000 | U42: 21000 | V42: 21000 | W42: 21000 | X42: 21000 | Y42: 21000 | Z42: 21000 | AA42: 21000 | AB42: 21000 | AC42: 21000 | AD42: 21000 | AE42: 21000 | AF42: 21000 | AG42: 21000 | AH42: 0 | AI42: 42000 | AJ42: 21000 | AK42: 21000 | AL42: 0 | AM42: 42000 | AN42: 21000 | AO42: 21000 | AP42: 21000 | AQ42: 21000 | AR42: 21000 | AS42: 0 | AT42: 42000 | AU42: 0 | AV42: 42000 | AW42: 0 | AX42: 42000 | AY42: 0 | AZ42: 42000 | BA42: 21000 | BB42: 0 | BC42: 42000 | BD42: 21000 | BE42: 21000 | BF42: 0 | BG42: 42000 | BH42: 0 | BI42: 42000 | BJ42: 0 | BK42: 42000 | BL42: 0 | BM42: 0 | BN42: 0 | BO42: 105000 | BP42: 0 | BQ42: 21000 | BR42: 0 | BS42: 0 | BT42: 42000 | BU42: 42000 | BV42: 21000 | BW42: 21000 | BX42: 0 | BY42: 42000 | BZ42: 0 | CA42: 42000 | CB42: 21000 | CC42: 0 | CD42: 42000 | CE42: 0 | CF42: 42000 | CG42: 0 | CH42: 42000 | CI42: 0 | CJ42: 42000 | CK42: 0 | CL42: 42000 | CM42: 0 | CN42: 42000 | CO42: 21000 | CP42: 21000 | CQ42: 21000 | CR42: 0 | CS42: 0 | CT42: 42000 | CU42: 42000 | CV42: 0 | CW42: 0 | CX42: 42000 | CY42: 0 | CZ42: 63000 | DA42: 0 | DB42: 0 | DC42: 63000 | DD42: 0 | DE42: 42000 | DF42: 0 | DG42: 42000
A43: 37 | B43: ስንቅነሽ ጃራ | C43: 21000 | D43: =Sheet3!C39 -> 107 | E43: 21000 | F43: 21000 | G43: 21000 | H43: 21000 | I43: 21000 | J43: 21000 | K43: 21000 | L43: 21000 | M43: 21000 | N43: 21000 | O43: 21000 | P43: 21000 | Q43: 21000 | R43: 21000 | S43: 21000 | T43: 21000 | U43: 21000 | V43: 21000 | W43: 21000 | X43: 21000 | Y43: 21000 | Z43: 0 | AA43: 42000 | AB43: 0 | AC43: 42000 | AD43: 0 | AE43: 42000 | AF43: 21000 | AG43: 21000 | AH43: 21000 | AI43: 21000 | AJ43: 21000 | AK43: 21000 | AL43: 21000 | AM43: 21000 | AN43: 21000 | AO43: 21000 | AP43: 21000 | AQ43: 0 | AR43: 42000 | AS43: 21000 | AT43: 21000 | AU43: 0 | AV43: 0 | AW43: 63000 | AX43: 21000 | AY43: 21000 | AZ43: 21000 | BA43: 21000 | BB43: 0 | BC43: 42000 | BD43: 21000 | BE43: 21000 | BF43: 21000 | BG43: 21000 | BH43: 21000 | BI43: 21000 | BJ43: 0 | BK43: 42000 | BL43: 21000 | BM43: 21000 | BN43: 0 | BO43: 0 | BP43: 63000 | BQ43: 21000 | BR43: 21000 | BT43: 42000 | BU43: 21000 | BV43: 0 | BW43: 42000 | BX43: 0 | BY43: 42000 | BZ43: 0 | CA43: 42000 | CB43: 21000 | CC43: 0 | CD43: 0 | CE43: 63000 | CF43: 0 | CG43: 42000 | CH43: 21000 | CI43: 0 | CJ43: 42000 | CK43: 21000 | CL43: 21000 | CM43: 21000 | CN43: 21000 | CO43: 0 | CP43: 42000 | CQ43: 0 | CR43: 42000 | CS43: 21000 | CT43: 21000 | CU43: 0 | CV43: 0 | CW43: 63000 | CX43: 21000 | CY43: 21000 | CZ43: 21000 | DA43: 21000 | DB43: 21000 | DC43: 0 | DD43: 42000 | DE43: 0 | DF43: 42000 | DG43: 21000
A44: 38 | B44: ሰለሞን ብርቄ | C44: 21000 | D44: =Sheet3!C40 -> 104 | E44: 21000 | F44: 21000 | G44: 21000 | H44: 21000 | I44: 21000 | J44: 21000 | K44: 21000 | L44: 21000 | M44: 21000 | N44: 21000 | O44: 21000 | P44: 21000 | Q44: 21000 | R44: 21000 | S44: 21000 | T44: 21000 | U44: 21000 | V44: 21000 | W44: 21000 | X44: 21000 | Y44: 21000 | Z44: 21000 | AA44: 21000 | AB44: 21000 | AC44: 21000 | AD44: 21000 | AE44: 21000 | AF44: 21000 | AG44: 21000 | AH44: 21000 | AI44: 21000 | AJ44: 21000 | AK44: 21000 | AL44: 21000 | AM44: 21000 | AN44: 21000 | AO44: 21000 | AP44: 21000 | AQ44: 21000 | AR44: 21000 | AS44: 21000 | AT44: 21000 | AU44: 21000 | AV44: 21000 | AW44: 21000 | AX44: 21000 | AY44: 21000 | AZ44: 21000 | BA44: 21000 | BB44: 21000 | BC44: 21000 | BD44: 21000 | BE44: 21000 | BF44: 21000 | BG44: 21000 | BH44: 21000 | BI44: 21000 | BJ44: 21000 | BK44: 21000 | BL44: 21000 | BM44: 21000 | BN44: 21000 | BO44: 21000 | BP44: 21000 | BQ44: 21000 | BR44: 21000 | BS44: 21000 | BT44: 21000 | BU44: 21000 | BV44: 21000 | BW44: 21000 | BX44: 21000 | BY44: 21000 | BZ44: 21000 | CA44: 21000 | CB44: 21000 | CC44: 21000 | CD44: 0 | CE44: 42000 | CF44: 21000 | CG44: 21000 | CH44: 21000 | CI44: 21000 | CJ44: 21000 | CK44: 21000 | CL44: 21000 | CM44: 21000 | CN44: 21000 | CO44: 21000 | CP44: 21000 | CQ44: 21000 | CR44: 21000 | CS44: 21000 | CT44: 21000 | CU44: 21000 | CV44: 21000 | CW44: 21000 | CX44: 0 | CY44: 21000 | CZ44: 0 | DA44: 0 | DB44: 21000 | DC44: 21000 | DD44: 0 | DE44: 21000 | DF44: 21000 | DG44: 21000 | DH44: 21000
A45: 39 | B45: ሲሳይ ባህሩ | C45: 21000 | D45: =Sheet3!C41 -> 108 | E45: 21000 | F45: 21000 | G45: 21000 | H45: 21000 | I45: 21000 | J45: 21000 | K45: 21000 | L45: 21000 | M45: 21000 | N45: 21000 | O45: 21000 | P45: 21000 | Q45: 21000 | R45: 21000 | S45: 21000 | T45: 21000 | U45: 21000 | V45: 21000 | W45: 21000 | X45: 21000 | Y45: 21000 | Z45: 21000 | AA45: 21000 | AB45: 21000 | AC45: 21000 | AD45: 21000 | AE45: 21000 | AF45: 21000 | AG45: 21000 | AH45: 21000 | AI45: 21000 | AJ45: 21000 | AK45: 21000 | AL45: 21000 | AM45: 21000 | AN45: 21000 | AO45: 21000 | AP45: 21000 | AQ45: 21000 | AR45: 21000 | AS45: 21000 | AT45: 21000 | AU45: 21000 | AV45: 21000 | AW45: 21000 | AX45: 21000 | AY45: 21000 | AZ45: 21000 | BA45: 21000 | BB45: 21000 | BC45: 21000 | BD45: 21000 | BE45: 21000 | BF45: 21000 | BG45: 21000 | BH45: 21000 | BI45: 21000 | BJ45: 21000 | BK45: 21000 | BL45: 21000 | BM45: 21000 | BN45: 21000 | BO45: 21000 | BP45: 21000 | BQ45: 21000 | BR45: 21000 | BS45: 21000 | BT45: 21000 | BU45: 21000 | BV45: 21000 | BW45: 21000 | BX45: 21000 | BY45: 21000 | BZ45: 21000 | CA45: 21000 | CB45: 21000 | CC45: 21000 | CD45: 21000 | CE45: 21000 | CF45: 21000 | CG45: 21000 | CH45: 21000 | CI45: 21000 | CJ45: 21000 | CK45: 21000 | CL45: 21000 | CM45: 21000 | CN45: 21000 | CO45: 21000 | CP45: 21000 | CQ45: 21000 | CR45: 21000 | CS45: 21000 | CT45: 21000 | CU45: 21000 | CV45: 21000 | CW45: 21000 | CX45: 21000 | CY45: 21000 | CZ45: 21000 | DA45: 21000 | DB45: 21000 | DC45: 21000 | DD45: 21000 | DE45: 21000 | DF45: 21000 | DG45: 21000 | DH45: 21000
A46: 40 | B46: ሽታዬ ቦንጌ | C46: 21000 | D46: =Sheet3!C42 -> 105 | E46: 21000 | F46: 21000 | G46: 21000 | H46: 21000 | I46: 21000 | J46: 21000 | K46: 21000 | L46: 21000 | M46: 21000 | N46: 21000 | O46: 21000 | P46: 21000 | Q46: 21000 | R46: 21000 | S46: 21000 | T46: 21000 | U46: 21000 | V46: 21000 | W46: 21000 | X46: 21000 | Y46: 21000 | Z46: 21000 | AA46: 21000 | AB46: 21000 | AC46: 21000 | AD46: 21000 | AE46: 21000 | AF46: 21000 | AG46: 21000 | AH46: 21000 | AI46: 21000 | AJ46: 21000 | AK46: 21000 | AL46: 21000 | AM46: 21000 | AN46: 0 | AO46: 42000 | AP46: 21000 | AQ46: 21000 | AR46: 0 | AS46: 42000 | AT46: 21000 | AU46: 21000 | AV46: 21000 | AW46: 21000 | AX46: 21000 | AY46: 0 | AZ46: 21000 | BA46: 21000 | BB46: 21000 | BC46: 21000 | BD46: 21000 | BE46: 21000 | BF46: 21000 | BG46: 21000 | BH46: 21000 | BI46: 21000 | BJ46: 21000 | BK46: 21000 | BL46: 21000 | BM46: 21000 | BN46: 21000 | BO46: 21000 | BP46: 21000 | BQ46: 21000 | BR46: 21000 | BS46: 21000 | BT46: 21000 | BU46: 21000 | BV46: 21000 | BW46: 21000 | BX46: 21000 | BY46: 21000 | BZ46: 21000 | CA46: 21000 | CB46: 21000 | CC46: 21000 | CD46: 21000 | CE46: 21000 | CF46: 21000 | CG46: 21000 | CH46: 0 | CI46: 42000 | CJ46: 21000 | CK46: 21000 | CL46: 0 | CM46: 21000 | CN46: 21000 | CO46: 21000 | CP46: 21000 | CQ46: 0 | CR46: 42000 | CS46: 0 | CT46: 42000 | CU46: 0 | CV46: 42000 | CW46: 21000 | CX46: 21000 | CY46: 21000 | CZ46: 21000 | DA46: 21000 | DB46: 21000 | DC46: 0 | DD46: 21000 | DE46: 21000 | DF46: 21000 | DG46: 21000 | DH46: 21000
A47: 41 | B47: ኡሬሳ ኡርሳ | C47: 21000 | D47: =Sheet3!C43 -> 106 | E47: 21000 | F47: 21000 | G47: 21000 | H47: 21000 | I47: 21000 | J47: 21000 | K47: 21000 | L47: 21000 | M47: 21000 | N47: 21000 | O47: 21000 | P47: 21000 | Q47: 21000 | R47: 21000 | S47: 21000 | T47: 21000 | U47: 21000 | V47: 21000 | W47: 21000 | X47: 21000 | Y47: 21000 | Z47: 21000 | AA47: 21000 | AB47: 21000 | AC47: 21000 | AD47: 21000 | AE47: 21000 | AF47: 0 | AG47: 42000 | AH47: 21000 | AI47: 21000 | AJ47: 21000 | AK47: 21000 | AL47: 21000 | AM47: 0 | AN47: 42000 | AO47: 21000 | AP47: 21000 | AQ47: 21000 | AR47: 21000 | AS47: 0 | AT47: 42000 | AU47: 0 | AV47: 42000 | AW47: 21000 | AX47: 21000 | AY47: 0 | AZ47: 42000 | BA47: 0 | BB47: 42000 | BC47: 21000 | BD47: 0 | BE47: 42000 | BF47: 0 | BG47: 42000 | BH47: 21000 | BI47: 21000 | BJ47: 21000 | BK47: 21000 | BL47: 21000 | BM47: 21000 | BN47: 0 | BO47: 42000 | BP47: 21000 | BQ47: 21000 | BS47: 42000 | BT47: 21000 | BV47: 0 | BW47: 63000 | BX47: 0 | BY47: 42000 | BZ47: 0 | CA47: 0 | CB47: 63000 | CC47: 21000 | CD47: 21000 | CF47: 0 | CG47: 63000 | CH47: 21000 | CI47: 21000 | CJ47: 21000 | CK47: 0 | CL47: 0 | CM47: 42000 | CN47: 0 | CO47: 0 | CP47: 42000 | CQ47: 0 | CR47: 42000 | CS47: 21000 | CT47: 0 | CU47: 42000 | CV47: 0 | CW47: 42000 | CX47: 0 | CY47: 42000 | CZ47: 0 | DA47: 42000 | DB47: 21000 | DC47: 0 | DD47: 42000 | DE47: 0 | DF47: 42000 | DH47: 42000
A48: 42 | B48: አሸናፊ ጨመረ | C48: 21000 | D48: =Sheet3!C44 -> 104 | E48: 21000 | F48: 21000 | G48: 21000 | H48: 21000 | I48: 21000 | J48: 21000 | K48: 21000 | L48: 21000 | M48: 21000 | N48: 21000 | O48: 21000 | P48: 21000 | Q48: 21000 | R48: 21000 | S48: 21000 | T48: 21000 | U48: 21000 | V48: 21000 | W48: 21000 | X48: 21000 | Y48: 21000 | Z48: 21000 | AA48: 21000 | AB48: 21000 | AC48: 21000 | AD48: 21000 | AE48: 21000 | AF48: 21000 | AG48: 21000 | AH48: 21000 | AI48: 21000 | AJ48: 21000 | AK48: 21000 | AL48: 21000 | AM48: 21000 | AN48: 21000 | AO48: 21000 | AP48: 21000 | AQ48: 21000 | AR48: 21000 | AS48: 21000 | AT48: 21000 | AU48: 21000 | AV48: 21000 | AW48: 21000 | AX48: 21000 | AY48: 21000 | AZ48: 21000 | BA48: 21000 | BB48: 21000 | BC48: 21000 | BD48: 21000 | BE48: 21000 | BF48: 21000 | BG48: 21000 | BH48: 21000 | BI48: 21000 | BJ48: 21000 | BK48: 21000 | BL48: 21000 | BM48: 21000 | BN48: 21000 | BO48: 21000 | BP48: 21000 | BQ48: 21000 | BR48: 21000 | BS48: 21000 | BT48: 21000 | BU48: 21000 | BV48: 21000 | BW48: 21000 | BX48: 21000 | BY48: 0 | BZ48: 42000 | CA48: 21000 | CB48: 21000 | CC48: 21000 | CD48: 21000 | CE48: 21000 | CF48: 0 | CG48: 21000 | CH48: 21000 | CI48: 21000 | CJ48: 21000 | CK48: 21000 | CL48: 21000 | CM48: 21000 | CN48: 21000 | CO48: 21000 | CP48: 21000 | CQ48: 21000 | CR48: 21000 | CS48: 21000 | CT48: 21000 | CU48: 21000 | CV48: 21000 | CW48: 21000 | CX48: 21000 | CY48: 21000 | CZ48: 21000 | DA48: 0 | DB48: 21000 | DC48: 0 | DD48: 42000 | DE48: 21000 | DF48: 0 | DG48: 21000
A49: 43 | B49: አሸናፊ ጨመረ | C49: 21000 | D49: =Sheet3!C45 -> 104 | E49: 21000 | F49: 21000 | G49: 21000 | H49: 21000 | I49: 21000 | J49: 21000 | K49: 21000 | L49: 21000 | M49: 21000 | N49: 21000 | O49: 21000 | P49: 21000 | Q49: 21000 | R49: 21000 | S49: 21000 | T49: 21000 | U49: 21000 | V49: 21000 | W49: 21000 | X49: 21000 | Y49: 21000 | Z49: 21000 | AA49: 21000 | AB49: 21000 | AC49: 21000 | AD49: 21000 | AE49: 21000 | AF49: 21000 | AG49: 21000 | AH49: 21000 | AI49: 21000 | AJ49: 21000 | AK49: 21000 | AL49: 21000 | AM49: 21000 | AN49: 21000 | AO49: 21000 | AP49: 21000 | AQ49: 21000 | AR49: 21000 | AS49: 21000 | AT49: 21000 | AU49: 21000 | AV49: 21000 | AW49: 21000 | AX49: 21000 | AY49: 21000 | AZ49: 21000 | BA49: 21000 | BB49: 21000 | BC49: 21000 | BD49: 21000 | BE49: 21000 | BF49: 21000 | BG49: 21000 | BH49: 21000 | BI49: 21000 | BJ49: 21000 | BK49: 21000 | BL49: 21000 | BM49: 21000 | BN49: 21000 | BO49: 21000 | BP49: 21000 | BQ49: 21000 | BR49: 21000 | BS49: 21000 | BT49: 21000 | BU49: 21000 | BV49: 21000 | BW49: 21000 | BX49: 21000 | BY49: 0 | BZ49: 42000 | CA49: 21000 | CB49: 21000 | CC49: 21000 | CD49: 21000 | CE49: 21000 | CF49: 0 | CG49: 21000 | CH49: 21000 | CI49: 21000 | CJ49: 21000 | CK49: 21000 | CL49: 21000 | CM49: 21000 | CN49: 21000 | CO49: 21000 | CP49: 21000 | CQ49: 21000 | CR49: 21000 | CS49: 21000 | CT49: 21000 | CU49: 21000 | CV49: 21000 | CW49: 21000 | CX49: 21000 | CY49: 21000 | CZ49: 21000 | DA49: 0 | DB49: 21000 | DC49: 0 | DD49: 42000 | DE49: 21000 | DF49: 0 | DG49: 21000
A50: 44 | B50: አሸናፊ ጨመረ | C50: 21000 | D50: =Sheet3!C46 -> 104 | E50: 21000 | F50: 21000 | G50: 21000 | H50: 21000 | I50: 21000 | J50: 21000 | K50: 21000 | L50: 21000 | M50: 21000 | N50: 21000 | O50: 21000 | P50: 21000 | Q50: 21000 | R50: 21000 | S50: 21000 | T50: 21000 | U50: 21000 | V50: 21000 | W50: 21000 | X50: 21000 | Y50: 21000 | Z50: 21000 | AA50: 21000 | AB50: 21000 | AC50: 21000 | AD50: 21000 | AE50: 21000 | AF50: 21000 | AG50: 21000 | AH50: 21000 | AI50: 21000 | AJ50: 21000 | AK50: 21000 | AL50: 21000 | AM50: 21000 | AN50: 21000 | AO50: 21000 | AP50: 21000 | AQ50: 21000 | AR50: 21000 | AS50: 21000 | AT50: 21000 | AU50: 21000 | AV50: 21000 | AW50: 21000 | AX50: 21000 | AY50: 21000 | AZ50: 21000 | BA50: 21000 | BB50: 21000 | BC50: 21000 | BD50: 21000 | BE50: 21000 | BF50: 21000 | BG50: 21000 | BH50: 21000 | BI50: 21000 | BJ50: 21000 | BK50: 21000 | BL50: 21000 | BM50: 21000 | BN50: 21000 | BO50: 21000 | BP50: 21000 | BQ50: 21000 | BR50: 21000 | BS50: 21000 | BT50: 21000 | BU50: 21000 | BV50: 21000 | BW50: 21000 | BX50: 21000 | BY50: 0 | BZ50: 42000 | CA50: 21000 | CB50: 21000 | CC50: 21000 | CD50: 21000 | CE50: 21000 | CF50: 0 | CG50: 21000 | CH50: 21000 | CI50: 21000 | CJ50: 21000 | CK50: 21000 | CL50: 21000 | CM50: 21000 | CN50: 21000 | CO50: 21000 | CP50: 21000 | CQ50: 21000 | CR50: 21000 | CS50: 21000 | CT50: 21000 | CU50: 21000 | CV50: 21000 | CW50: 21000 | CX50: 21000 | CY50: 21000 | CZ50: 21000 | DA50: 0 | DB50: 21000 | DC50: 0 | DD50: 42000 | DE50: 21000 | DF50: 0 | DG50: 21000
A51: 45 | B51: አሸናፊ ጨመረ | C51: 21000 | D51: =Sheet3!C47 -> 104 | E51: 21000 | F51: 21000 | G51: 21000 | H51: 21000 | I51: 21000 | J51: 21000 | K51: 21000 | L51: 21000 | M51: 21000 | N51: 21000 | O51: 21000 | P51: 21000 | Q51: 21000 | R51: 21000 | S51: 21000 | T51: 21000 | U51: 21000 | V51: 21000 | W51: 21000 | X51: 21000 | Y51: 21000 | Z51: 21000 | AA51: 21000 | AB51: 21000 | AC51: 21000 | AD51: 21000 | AE51: 21000 | AF51: 21000 | AG51: 21000 | AH51: 21000 | AI51: 21000 | AJ51: 21000 | AK51: 21000 | AL51: 21000 | AM51: 21000 | AN51: 21000 | AO51: 21000 | AP51: 21000 | AQ51: 21000 | AR51: 21000 | AS51: 21000 | AT51: 21000 | AU51: 21000 | AV51: 21000 | AW51: 21000 | AX51: 21000 | AY51: 21000 | AZ51: 21000 | BA51: 21000 | BB51: 21000 | BC51: 21000 | BD51: 21000 | BE51: 21000 | BF51: 21000 | BG51: 21000 | BH51: 21000 | BI51: 21000 | BJ51: 21000 | BK51: 21000 | BL51: 21000 | BM51: 21000 | BN51: 21000 | BO51: 21000 | BP51: 21000 | BQ51: 21000 | BR51: 21000 | BS51: 21000 | BT51: 21000 | BU51: 21000 | BV51: 21000 | BW51: 21000 | BX51: 21000 | BY51: 0 | BZ51: 42000 | CA51: 21000 | CB51: 21000 | CC51: 21000 | CD51: 21000 | CE51: 21000 | CF51: 0 | CG51: 21000 | CH51: 21000 | CI51: 21000 | CJ51: 21000 | CK51: 21000 | CL51: 21000 | CM51: 21000 | CN51: 21000 | CO51: 21000 | CP51: 21000 | CQ51: 21000 | CR51: 21000 | CS51: 21000 | CT51: 21000 | CU51: 21000 | CV51: 21000 | CW51: 21000 | CX51: 21000 | CY51: 21000 | CZ51: 21000 | DA51: 0 | DB51: 21000 | DC51: 0 | DD51: 42000 | DE51: 21000 | DF51: 0 | DG51: 21000
A52: 46 | B52: ማሩ ዱቤ | C52: 21000 | D52: =Sheet3!C48 -> 108 | E52: 21000 | F52: 21000 | G52: 21000 | H52: 21000 | I52: 21000 | J52: 21000 | K52: 21000 | L52: 21000 | M52: 21000 | N52: 21000 | O52: 21000 | P52: 21000 | Q52: 21000 | R52: 21000 | S52: 21000 | T52: 21000 | U52: 21000 | V52: 21000 | W52: 21000 | X52: 21000 | Y52: 21000 | Z52: 21000 | AA52: 21000 | AB52: 21000 | AC52: 21000 | AD52: 21000 | AE52: 21000 | AF52: 21000 | AG52: 21000 | AH52: 21000 | AI52: 21000 | AJ52: 21000 | AK52: 21000 | AL52: 21000 | AM52: 21000 | AN52: 21000 | AO52: 21000 | AP52: 21000 | AQ52: 21000 | AR52: 21000 | AS52: 21000 | AT52: 21000 | AU52: 21000 | AV52: 21000 | AW52: 21000 | AX52: 21000 | AY52: 21000 | AZ52: 21000 | BA52: 21000 | BB52: 21000 | BC52: 21000 | BD52: 21000 | BE52: 21000 | BF52: 21000 | BG52: 21000 | BH52: 21000 | BI52: 21000 | BJ52: 21000 | BK52: 21000 | BL52: 21000 | BM52: 21000 | BN52: 0 | BO52: 42000 | BP52: 21000 | BQ52: 21000 | BR52: 21000 | BS52: 21000 | BT52: 21000 | BU52: 21000 | BV52: 21000 | BW52: 21000 | BX52: 21000 | BY52: 21000 | BZ52: 21000 | CA52: 21000 | CB52: 21000 | CC52: 21000 | CD52: 21000 | CE52: 21000 | CF52: 21000 | CG52: 21000 | CH52: 21000 | CI52: 21000 | CJ52: 21000 | CK52: 21000 | CL52: 21000 | CM52: 21000 | CN52: 21000 | CO52: 21000 | CP52: 21000 | CQ52: 21000 | CR52: 21000 | CS52: 21000 | CT52: 21000 | CU52: 21000 | CV52: 21000 | CW52: 21000 | CX52: 21000 | CY52: 21000 | CZ52: 21000 | DA52: 21000 | DB52: 21000 | DC52: 21000 | DD52: 21000 | DE52: 21000 | DF52: 21000 | DG52: 21000 | DH52: 21000
A53: 47 | B53: ሞገስ ግርማ | C53: 21000 | D53: =Sheet3!C49 -> 107 | E53: 21000 | F53: 21000 | G53: 21000 | H53: 21000 | I53: 21000 | J53: 21000 | K53: 21000 | L53: 21000 | M53: 21000 | N53: 21000 | O53: 21000 | P53: 21000 | Q53: 21000 | R53: 21000 | S53: 21000 | T53: 21000 | U53: 21000 | V53: 21000 | W53: 21000 | X53: 21000 | Y53: 21000 | Z53: 21000 | AA53: 21000 | AB53: 21000 | AC53: 21000 | AD53: 21000 | AE53: 21000 | AF53: 21000 | AG53: 21000 | AH53: 21000 | AI53: 21000 | AJ53: 21000 | AK53: 21000 | AL53: 21000 | AM53: 21000 | AN53: 21000 | AO53: 21000 | AP53: 21000 | AQ53: 21000 | AR53: 21000 | AS53: 21000 | AT53: 21000 | AU53: 21000 | AV53: 21000 | AW53: 21000 | AX53: 21000 | AY53: 21000 | AZ53: 0 | BA53: 42000 | BB53: 21000 | BC53: 21000 | BD53: 21000 | BE53: 21000 | BF53: 21000 | BG53: 21000 | BH53: 21000 | BI53: 21000 | BJ53: 21000 | BK53: 21000 | BL53: 21000 | BM53: 21000 | BN53: 0 | BO53: 42000 | BP53: 21000 | BQ53: 21000 | BR53: 21000 | BS53: 21000 | BT53: 21000 | BU53: 21000 | BV53: 21000 | BW53: 21000 | BX53: 21000 | BY53: 21000 | BZ53: 21000 | CA53: 21000 | CB53: 21000 | CC53: 21000 | CD53: 21000 | CE53: 21000 | CF53: 21000 | CG53: 21000 | CH53: 21000 | CI53: 21000 | CJ53: 21000 | CK53: 21000 | CL53: 21000 | CM53: 21000 | CN53: 0 | CO53: 21000 | CP53: 21000 | CQ53: 21000 | CR53: 21000 | CS53: 0 | CT53: 42000 | CU53: 21000 | CV53: 21000 | CW53: 21000 | CX53: 21000 | CY53: 21000 | CZ53: 21000 | DA53: 21000 | DB53: 21000 | DC53: 21000 | DD53: 21000 | DE53: 21000 | DF53: 21000 | DG53: 21000 | DH53: 21000
A54: 48 | B54: ደርጋሶ ደንዴ | C54: 21000 | D54: =Sheet3!C50 -> 104 | E54: 21000 | F54: 21000 | G54: 21000 | H54: 21000 | I54: 21000 | J54: 21000 | K54: 21000 | L54: 21000 | M54: 21000 | N54: 21000 | O54: 21000 | P54: 21000 | Q54: 21000 | R54: 21000 | S54: 21000 | T54: 21000 | U54: 21000 | V54: 21000 | W54: 21000 | X54: 21000 | Y54: 21000 | Z54: 21000 | AA54: 21000 | AB54: 21000 | AC54: 21000 | AD54: 21000 | AE54: 21000 | AF54: 21000 | AG54: 21000 | AH54: 21000 | AI54: 21000 | AJ54: 21000 | AK54: 21000 | AL54: 0 | AM54: 42000 | AN54: 21000 | AO54: 0 | AP54: 42000 | AQ54: 0 | AR54: 42000 | AS54: 21000 | AT54: 0 | AU54: 42000 | AV54: 0 | AW54: 42000 | AX54: 0 | AY54: 21000 | AZ54: 21000 | BA54: 21000 | BB54: 21000 | BC54: 21000 | BD54: 42000 | BE54: 0 | BF54: 21000 | BG54: 21000 | BH54: 21000 | BI54: 21000 | BJ54: 21000 | BK54: 21000 | BL54: 21000 | BM54: 21000 | BN54: 21000 | BO54: 21000 | BP54: 0 | BQ54: 42000 | BR54: 21000 | BS54: 21000 | BT54: 21000 | BU54: 21000 | BV54: 21000 | BW54: 21000 | BX54: 0 | BY54: 0 | BZ54: 0 | CA54: 0 | CB54: 105000 | CC54: 0 | CD54: 0 | CF54: 63000 | CG54: 0 | CH54: 63000 | CI54: 0 | CJ54: 42000 | CK54: 0 | CL54: 0 | CM54: 0 | CN54: 84000 | CO54: 0 | CP54: 0 | CQ54: 0 | CR54: 0 | CS54: 105000 | CT54: 0 | CU54: 0 | CV54: 0 | CW54: 0 | CX54: 84000 | CY54: 0 | CZ54: 0 | DA54: 63000 | DB54: 0 | DC54: 0 | DD54: 0 | DE54: 0 | DF54: 105000
A55: 49 | B55: ተረፈ ዓለሙ | C55: 21000 | D55: =Sheet3!C51 -> 108 | E55: 21000 | F55: 21000 | G55: 21000 | H55: 21000 | I55: 21000 | J55: 21000 | K55: 21000 | L55: 21000 | M55: 21000 | N55: 21000 | O55: 21000 | P55: 21000 | Q55: 21000 | R55: 21000 | S55: 21000 | T55: 21000 | U55: 21000 | V55: 21000 | W55: 21000 | X55: 0 | Y55: 42000 | Z55: 21000 | AA55: 21000 | AB55: 21000 | AC55: 21000 | AD55: 21000 | AE55: 21000 | AF55: 21000 | AG55: 21000 | AH55: 21000 | AI55: 21000 | AJ55: 21000 | AK55: 21000 | AL55: 21000 | AM55: 21000 | AN55: 21000 | AO55: 21000 | AP55: 21000 | AQ55: 21000 | AR55: 21000 | AS55: 21000 | AT55: 21000 | AU55: 21000 | AV55: 21000 | AW55: 21000 | AX55: 21000 | AY55: 21000 | AZ55: 21000 | BA55: 21000 | BB55: 21000 | BC55: 21000 | BD55: 21000 | BE55: 21000 | BF55: 21000 | BG55: 21000 | BH55: 21000 | BI55: 21000 | BJ55: 0 | BK55: 21000 | BL55: 42000 | BM55: 21000 | BN55: 0 | BO55: 42000 | BP55: 0 | BQ55: 42000 | BR55: 21000 | BS55: 21000 | BT55: 21000 | BU55: 21000 | BV55: 21000 | BW55: 21000 | BX55: 21000 | BY55: 21000 | BZ55: 0 | CA55: 42000 | CB55: 21000 | CC55: 0 | CD55: 42000 | CF55: 42000 | CG55: 21000 | CH55: 21000 | CI55: 21000 | CJ55: 21000 | CK55: 21000 | CL55: 21000 | CM55: 21000 | CN55: 0 | CO55: 42000 | CP55: 21000 | CQ55: 21000 | CR55: 0 | CS55: 42000 | CT55: 0 | CU55: 42000 | CV55: 21000 | CW55: 0 | CX55: 42000 | CY55: 21000 | CZ55: 0 | DA55: 42000 | DB55: 21000 | DC55: 21000 | DD55: 21000 | DE55: 21000 | DF55: 21000 | DG55: 21000 | DH55: 21000
A56: 50 | B56: ሀብታሙ አበራ | C56: 21000 | D56: =Sheet3!C52 -> 104 | E56: 21000 | F56: 21000 | G56: 21000 | H56: 21000 | I56: 21000 | J56: 21000 | K56: 21000 | L56: 21000 | M56: 21000 | N56: 21000 | O56: 21000 | P56: 21000 | Q56: 21000 | R56: 21000 | S56: 21000 | T56: 21000 | U56: 21000 | V56: 21000 | W56: 21000 | X56: 21000 | Y56: 21000 | Z56: 21000 | AA56: 21000 | AB56: 0 | AC56: 42000 | AD56: 21000 | AE56: 21000 | AF56: 21000 | AG56: 21000 | AH56: 21000 | AI56: 21000 | AJ56: 21000 | AK56: 21000 | AL56: 21000 | AM56: 21000 | AN56: 21000 | AO56: 21000 | AP56: 21000 | AQ56: 21000 | AR56: 21000 | AS56: 21000 | AT56: 21000 | AU56: 21000 | AV56: 21000 | AW56: 0 | AX56: 42000 | AY56: 21000 | AZ56: 21000 | BA56: 0 | BB56: 42000 | BC56: 0 | BD56: 42000 | BE56: 0 | BF56: 42000 | BG56: 21000 | BH56: 21000 | BI56: 0 | BJ56: 42000 | BK56: 21000 | BL56: 0 | BM56: 42000 | BN56: 21000 | BO56: 0 | BP56: 0 | BQ56: 42000 | BS56: 21000 | BU56: 21000 | BV56: 21000 | BW56: 21000 | BX56: 21000 | BY56: 21000 | BZ56: 21000 | CA56: 21000 | CB56: 21000 | CC56: 21000 | CD56: 21000 | CE56: 21000 | CF56: 21000 | CG56: 21000 | CH56: 21000 | CI56: 21000 | CJ56: 21000 | CK56: 21000 | CL56: 0 | CM56: 21000 | CN56: 0 | CO56: 42000 | CP56: 21000 | CQ56: 21000 | CR56: 21000 | CS56: 21000 | CT56: 21000 | CU56: 21000 | CV56: 21000 | CW56: 21000 | CX56: 21000 | CY56: 21000 | CZ56: 21000 | DA56: 21000 | DB56: 21000 | DC56: 21000 | DD56: 21000 | DE56: 21000 | DF56: 21000 | DG56: 21000 | DH56: 21000
A57: 51 | B57: ሳምሶን ጀማል | C57: 21000 | D57: =Sheet3!C53 -> 107 | E57: 21000 | F57: 21000 | G57: 21000 | H57: 21000 | I57: 21000 | J57: 21000 | K57: 21000 | L57: 21000 | M57: 21000 | N57: 21000 | O57: 21000 | P57: 21000 | Q57: 21000 | R57: 21000 | S57: 21000 | T57: 21000 | U57: 21000 | V57: 21000 | W57: 21000 | X57: 21000 | Y57: 21000 | Z57: 21000 | AA57: 21000 | AB57: 21000 | AC57: 21000 | AD57: 21000 | AE57: 21000 | AF57: 21000 | AG57: 21000 | AH57: 21000 | AI57: 0 | AJ57: 42000 | AK57: 0 | AL57: 42000 | AM57: 0 | AN57: 42000 | AO57: 0 | AP57: 42000 | AQ57: 21000 | AR57: 21000 | AS57: 0 | AT57: 42000 | AU57: 21000 | AV57: 0 | AW57: 0 | AX57: 0 | AY57: 0 | AZ57: 0 | BA57: 105000 | BB57: 0 | BC57: 63000 | BD57: 21000 | BE57: 21000 | BF57: 21000 | BG57: 21000 | BH57: 0 | BI57: 42000 | BJ57: 0 | BK57: 21000 | BL57: 21000 | BM57: 42000 | BN57: 21000 | BO57: 21000 | BP57: 21000 | BR57: 42000 | BS57: 21000 | BT57: 21000 | BV57: 42000 | BW57: 21000 | BX57: 21000 | BY57: 21000 | BZ57: 21000 | CA57: 0 | CB57: 42000 | CC57: 0 | CD57: 42000 | CF57: 42000 | CG57: 0 | CH57: 42000 | CI57: 0 | CJ57: 42000 | CK57: 21000 | CL57: 21000 | CM57: 21000 | CN57: 21000 | CO57: 0 | CP57: 0 | CQ57: 42000 | CR57: 42000 | CS57: 0 | CT57: 42000 | CU57: 21000 | CV57: 0 | CW57: 0 | CX57: 0 | CY57: 0 | CZ57: 0 | DA57: 105000 | DB57: 42000 | DC57: 0 | DD57: 42000 | DE57: 21000 | DF57: 0 | DG57: 42000
A58: 52 | B58: ኤርሚያስ ፊሎ | C58: 21000 | D58: =Sheet3!C54 -> 106 | E58: 21000 | F58: 21000 | G58: 21000 | H58: 21000 | I58: 21000 | J58: 21000 | K58: 21000 | L58: 21000 | M58: 21000 | N58: 21000 | O58: 21000 | P58: 21000 | Q58: 21000 | R58: 21000 | S58: 21000 | T58: 21000 | U58: 21000 | V58: 21000 | W58: 21000 | X58: 21000 | Y58: 21000 | Z58: 21000 | AA58: 21000 | AB58: 21000 | AC58: 21000 | AD58: 21000 | AE58: 21000 | AF58: 21000 | AG58: 21000 | AH58: 21000 | AI58: 21000 | AJ58: 21000 | AK58: 21000 | AL58: 21000 | AM58: 21000 | AN58: 21000 | AO58: 21000 | AP58: 21000 | AQ58: 21000 | AR58: 21000 | AS58: 21000 | AT58: 21000 | AU58: 21000 | AV58: 0 | AW58: 42000 | AX58: 21000 | AY58: 21000 | AZ58: 21000 | BA58: 21000 | BB58: 21000 | BC58: 0 | BD58: 42000 | BE58: 21000 | BF58: 21000 | BG58: 21000 | BH58: 0 | BI58: 42000 | BJ58: 21000 | BK58: 0 | BL58: 42000 | BM58: 21000 | BN58: 21000 | BO58: 21000 | BP58: 21000 | BQ58: 21000 | BR58: 21000 | BS58: 21000 | BT58: 21000 | BU58: 21000 | BV58: 21000 | BW58: 21000 | BX58: 21000 | BY58: 21000 | BZ58: 21000 | CA58: 21000 | CB58: 21000 | CC58: 21000 | CD58: 21000 | CE58: 21000 | CF58: 21000 | CG58: 0 | CH58: 21000 | CI58: 21000 | CJ58: 21000 | CK58: 21000 | CL58: 21000 | CM58: 21000 | CN58: 21000 | CO58: 21000 | CP58: 21000 | CQ58: 21000 | CR58: 21000 | CS58: 21000 | CT58: 21000 | CU58: 21000 | CV58: 21000 | CW58: 0 | CX58: 42000 | CY58: 21000 | CZ58: 21000 | DA58: 21000 | DB58: 21000 | DC58: 21000 | DD58: 21000 | DE58: 21000 | DF58: 0 | DG58: 21000 | DH58: 21000
A59: 53 | B59: ሙሴ ዳንኤል | C59: 21000 | D59: =Sheet3!C55 -> 107 | E59: 21000 | F59: 21000 | G59: 21000 | H59: 21000 | I59: 21000 | J59: 21000 | K59: 21000 | L59: 21000 | M59: 21000 | N59: 21000 | O59: 21000 | P59: 21000 | Q59: 21000 | R59: 21000 | S59: 21000 | T59: 21000 | U59: 21000 | V59: 21000 | W59: 21000 | X59: 21000 | Y59: 21000 | Z59: 0 | AA59: 42000 | AB59: 0 | AC59: 42000 | AD59: 0 | AE59: 42000 | AF59: 21000 | AG59: 0 | AH59: 42000 | AI59: 21000 | AJ59: 0 | AK59: 0 | AL59: 63000 | AM59: 21000 | AN59: 21000 | AO59: 0 | AP59: 42000 | AQ59: 21000 | AR59: 21000 | AS59: 21000 | AT59: 21000 | AU59: 21000 | AV59: 21000 | AW59: 21000 | AX59: 21000 | AY59: 21000 | AZ59: 21000 | BA59: 21000 | BB59: 21000 | BC59: 21000 | BD59: 0 | BE59: 42000 | BF59: 21000 | BG59: 21000 | BH59: 0 | BI59: 42000 | BJ59: 21000 | BK59: 21000 | BL59: 21000 | BM59: 21000 | BN59: 0 | BO59: 42000 | BP59: 21000 | BQ59: 21000 | BS59: 42000 | BT59: 21000 | BU59: 21000 | BV59: 0 | BW59: 0 | BX59: 63000 | BY59: 0 | BZ59: 0 | CA59: 42000 | CB59: 42000 | CC59: 21000 | CD59: 21000 | CF59: 42000 | CG59: 0 | CH59: 42000 | CI59: 0 | CJ59: 42000 | CK59: 0 | CL59: 0 | CM59: 42000 | CN59: 21000 | CO59: 21000 | CP59: 0 | CQ59: 42000 | CR59: 21000 | CS59: 21000 | CT59: 21000 | CU59: 0 | CV59: 42000 | CW59: 21000 | CX59: 21000 | CY59: 0 | CZ59: 42000 | DA59: 21000 | DB59: 21000 | DC59: 0 | DD59: 42000 | DE59: 21000 | DF59: 0 | DH59: 63000
A60: 54 | B60: ሽመልስ ሽብሩ | C60: 21000 | D60: =Sheet3!C56 -> 99 | E60: 21000 | F60: 21000 | G60: 21000 | H60: 21000 | I60: 21000 | J60: 21000 | K60: 21000 | L60: 21000 | M60: 21000 | N60: 21000 | O60: 21000 | P60: 21000 | Q60: 21000 | R60: 21000 | S60: 21000 | T60: 21000 | U60: 21000 | V60: 21000 | W60: 21000 | X60: 21000 | Y60: 21000 | Z60: 21000 | AA60: 21000 | AB60: 21000 | AC60: 21000 | AD60: 21000 | AE60: 21000 | AF60: 21000 | AG60: 21000 | AH60: 21000 | AI60: 21000 | AJ60: 21000 | AK60: 0 | AL60: 21000 | AM60: 0 | AN60: 42000 | AO60: 21000 | AP60: 21000 | AQ60: 0 | AR60: 42000 | AS60: 0 | AT60: 42000 | AU60: 21000 | AV60: 0 | AW60: 0 | AX60: 0 | AY60: 0 | AZ60: 0 | BA60: 0 | BB60: 0 | BC60: 0 | BD60: 0 | BE60: 0 | BF60: 0 | BG60: 0 | BH60: 0 | BI60: 0 | BJ60: 0 | BK60: 0 | BL60: 210000 | BM60: 0 | BN60: 0 | BO60: 0 | BP60: 0 | BQ60: 168000 | BT60: 42000 | BV60: 0 | BW60: 21000 | BX60: 0 | BZ60: 0 | CA60: 0 | CB60: 0 | CC60: 0 | CD60: 0 | CE60: 0 | CF60: 0 | CG60: 0 | CH60: 0 | CI60: 0 | CJ60: 0 | CK60: 294000 | CL60: 0 | CM60: 0 | CN60: 0 | CO60: 0 | CP60: 0 | CQ60: 0 | CR60: 0 | CS60: 0 | CT60: 0 | CU60: 0 | CV60: 0 | CW60: 0 | CX60: 0 | CY60: 0 | CZ60: 0 | DA60: 0 | DB60: 0 | DC60: 0 | DD60: 0 | DE60: 0 | DF60: 0 | DH60: 462000
A61: 55 | B61: ጌታቸው በቀለ | C61: 21000 | D61: =Sheet3!C57 -> 106 | E61: 21000 | F61: 21000 | G61: 21000 | H61: 21000 | I61: 21000 | J61: 21000 | K61: 21000 | L61: 21000 | M61: 21000 | N61: 21000 | O61: 21000 | P61: 21000 | Q61: 21000 | R61: 21000 | S61: 21000 | T61: 21000 | U61: 21000 | V61: 21000 | W61: 21000 | X61: 21000 | Y61: 21000 | Z61: 21000 | AA61: 21000 | AB61: 21000 | AC61: 21000 | AD61: 21000 | AE61: 0 | AF61: 42000 | AG61: 21000 | AH61: 21000 | AI61: 21000 | AJ61: 21000 | AK61: 21000 | AL61: 21000 | AM61: 21000 | AN61: 21000 | AO61: 21000 | AP61: 21000 | AQ61: 21000 | AR61: 21000 | AS61: 21000 | AT61: 21000 | AU61: 21000 | AV61: 21000 | AW61: 21000 | AX61: 21000 | AY61: 21000 | AZ61: 21000 | BA61: 21000 | BB61: 21000 | BC61: 21000 | BD61: 21000 | BE61: 21000 | BF61: 21000 | BG61: 21000 | BH61: 21000 | BI61: 21000 | BJ61: 21000 | BK61: 21000 | BL61: 21000 | BM61: 21000 | BN61: 21000 | BO61: 21000 | BP61: 21000 | BQ61: 21000 | BR61: 21000 | BS61: 21000 | BT61: 21000 | BU61: 21000 | BV61: 21000 | BW61: 0 | BX61: 42000 | BY61: 21000 | BZ61: 0 | CA61: 21000 | CB61: 21000 | CC61: 21000 | CD61: 21000 | CE61: 21000 | CF61: 21000 | CG61: 21000 | CH61: 21000 | CI61: 21000 | CJ61: 21000 | CK61: 21000 | CL61: 21000 | CM61: 0 | CN61: 42000 | CO61: 21000 | CP61: 21000 | CQ61: 21000 | CR61: 21000 | CS61: 21000 | CT61: 21000 | CU61: 21000 | CV61: 21000 | CW61: 21000 | CX61: 0 | CY61: 42000 | CZ61: 0 | DA61: 42000 | DB61: 21000 | DC61: 0 | DD61: 42000 | DE61: 21000 | DF61: 0 | DG61: 42000
A62: 56 | B62: ከፈለኝ ፃዲቁ | C62: 21000 | D62: =Sheet3!C58 -> 0 | E62: 0 | F62: 0 | G62: 0 | H62: 0 | I62: 0 | J62: 0 | K62: 0 | L62: 0 | M62: 0 | N62: 0 | O62: 0 | P62: 0 | Q62: 0 | R62: 0 | S62: 0 | T62: 0 | U62: 0 | V62: 0 | W62: 0 | X62: 0 | Y62: 0 | Z62: 0 | AA62: 0 | AB62: 0 | AC62: 0 | AD62: 0 | AE62: 0 | AF62: 0 | AG62: 0 | AH62: 0 | AI62: 0 | AJ62: 0 | AK62: 0 | AL62: 0 | AM62: 0 | AN62: 0 | AO62: 0 | AP62: 0 | AQ62: 0 | AR62: 0 | AS62: 0 | AT62: 0 | AU62: 0 | AV62: 0 | AW62: 0 | AX62: 0 | AY62: 0 | AZ62: 0 | BA62: 0 | BB62: 0 | BC62: 0 | BD62: 0 | BE62: 0 | BF62: 0 | BG62: 0 | BH62: 0 | BI62: 0 | BJ62: 0 | BK62: 0 | BL62: 0 | BM62: 0 | BN62: 0 | BO62: 0 | BP62: 0 | BV62: 0 | BW62: 0 | BX62: 0 | BY62: 0 | BZ62: 0 | CA62: 0 | CB62: 0 | CC62: 0 | CD62: 0 | CE62: 0 | CF62: 0 | CG62: 0 | CH62: 0 | CI62: 0 | CJ62: 0 | CK62: 0 | CL62: 0 | CM62: 0 | CN62: 0 | CO62: 0 | CP62: 0 | CQ62: 0 | CR62: 0 | CS62: 0 | CT62: 0 | CU62: 0 | CV62: 0 | CW62: 0 | CX62: 0 | CY62: 0 | CZ62: 0 | DA62: 0 | DB62: 0 | DC62: 0 | DD62: 0 | DE62: 0 | DF62: 0
A63: 57 | B63: ተዘራ ታመነ | C63: 21000 | D63: =Sheet3!C59 -> 99 | E63: 21000 | F63: 21000 | G63: 21000 | H63: 21000 | I63: 21000 | J63: 21000 | K63: 21000 | L63: 21000 | M63: 21000 | N63: 21000 | O63: 21000 | P63: 21000 | Q63: 21000 | R63: 21000 | S63: 21000 | T63: 21000 | U63: 21000 | V63: 21000 | W63: 21000 | X63: 21000 | Y63: 0 | Z63: 0 | AA63: 21000 | AB63: 0 | AC63: 42000 | AD63: 0 | AE63: 42000 | AF63: 0 | AG63: 42000 | AH63: 0 | AI63: 42000 | AJ63: 0 | AK63: 0 | AL63: 63000 | AM63: 0 | AN63: 42000 | AO63: 0 | AP63: 42000 | AQ63: 0 | AR63: 42000 | AS63: 0 | AT63: 42000 | AU63: 0 | AV63: 42000 | AW63: 0 | AX63: 0 | AY63: 0 | AZ63: 42000 | BA63: 0 | BB63: 0 | BC63: 0 | BD63: 0 | BE63: 84000 | BF63: 0 | BG63: 0 | BH63: 0 | BI63: 0 | BJ63: 0 | BK63: 84000 | BL63: 0 | BM63: 0 | BN63: 0 | BO63: 84000 | BP63: 0 | BR63: 63000 | BT63: 105000 | BU63: 63000 | BV63: 0 | BW63: 0 | BX63: 0 | BY63: 63000 | BZ63: 0 | CA63: 0 | CB63: 0 | CC63: 63000 | CD63: 0 | CE63: 0 | CF63: 0 | CG63: 63000 | CH63: 0 | CI63: 0 | CJ63: 63000 | CK63: 0 | CL63: 0 | CM63: 63000 | CN63: 0 | CO63: 42000 | CP63: 0 | CQ63: 0 | CR63: 42000 | CS63: 0 | CT63: 0 | CU63: 0 | CV63: 84000 | CW63: 21000 | CX63: 0 | CY63: 42000 | CZ63: 0 | DA63: 42000 | DB63: 21000 | DC63: 0 | DD63: 0 | DE63: 0 | DF63: 63000
A64: 58 | B64: ሙሉስው ዘገየ | C64: 21000 | D64: =Sheet3!C60 -> 106 | E64: 21000 | F64: 21000 | G64: 21000 | H64: 21000 | I64: 21000 | J64: 21000 | K64: 21000 | L64: 21000 | M64: 21000 | N64: 21000 | O64: 21000 | P64: 21000 | Q64: 21000 | R64: 21000 | S64: 21000 | T64: 21000 | U64: 21000 | V64: 21000 | W64: 21000 | X64: 21000 | Y64: 21000 | Z64: 21000 | AA64: 21000 | AB64: 21000 | AC64: 21000 | AD64: 21000 | AE64: 21000 | AF64: 21000 | AG64: 21000 | AH64: 21000 | AI64: 21000 | AJ64: 21000 | AK64: 21000 | AL64: 21000 | AM64: 21000 | AN64: 21000 | AO64: 21000 | AP64: 21000 | AQ64: 21000 | AR64: 21000 | AS64: 21000 | AT64: 21000 | AU64: 21000 | AV64: 21000 | AW64: 21000 | AX64: 21000 | AY64: 21000 | AZ64: 21000 | BA64: 21000 | BB64: 21000 | BC64: 21000 | BD64: 21000 | BE64: 21000 | BF64: 21000 | BG64: 21000 | BH64: 21000 | BI64: 21000 | BJ64: 21000 | BK64: 21000 | BL64: 21000 | BM64: 21000 | BN64: 21000 | BO64: 21000 | BP64: 21000 | BQ64: 21000 | BR64: 21000 | BS64: 21000 | BT64: 21000 | BU64: 21000 | BV64: 21000 | BW64: 21000 | BX64: 21000 | BY64: 21000 | BZ64: 21000 | CA64: 21000 | CB64: 21000 | CC64: 21000 | CD64: 0 | CE64: 21000 | CF64: 21000 | CG64: 21000 | CH64: 21000 | CI64: 21000 | CJ64: 21000 | CK64: 21000 | CL64: 21000 | CM64: 21000 | CN64: 21000 | CO64: 42000 | CP64: 21000 | CQ64: 21000 | CR64: 21000 | CS64: 0 | CT64: 42000 | CU64: 21000 | CV64: 21000 | CW64: 0 | CX64: 0 | CY64: 21000 | CZ64: 21000 | DA64: 21000 | DB64: 21000 | DC64: 21000 | DD64: 21000 | DE64: 21000 | DF64: 21000 | DG64: 21000 | DH64: 21000
A65: 59 | B65: ገነት ገ /ፃዲቅ | C65: 21000 | D65: =Sheet3!C61 -> 108 | E65: 21000 | F65: 21000 | G65: 21000 | H65: 21000 | I65: 21000 | J65: 21000 | K65: 21000 | L65: 21000 | M65: 21000 | N65: 21000 | O65: 21000 | P65: 21000 | Q65: 21000 | R65: 21000 | S65: 21000 | T65: 21000 | U65: 21000 | V65: 21000 | W65: 21000 | X65: 21000 | Y65: 21000 | Z65: 21000 | AA65: 21000 | AB65: 21000 | AC65: 21000 | AD65: 21000 | AE65: 21000 | AF65: 21000 | AG65: 21000 | AH65: 21000 | AI65: 21000 | AJ65: 21000 | AK65: 21000 | AL65: 21000 | AM65: 21000 | AN65: 21000 | AO65: 21000 | AP65: 21000 | AQ65: 21000 | AR65: 21000 | AS65: 21000 | AT65: 21000 | AU65: 21000 | AV65: 21000 | AW65: 21000 | AX65: 21000 | AY65: 21000 | AZ65: 21000 | BA65: 21000 | BB65: 21000 | BC65: 21000 | BD65: 21000 | BE65: 21000 | BF65: 21000 | BG65: 21000 | BH65: 21000 | BI65: 21000 | BJ65: 21000 | BK65: 21000 | BL65: 21000 | BM65: 21000 | BN65: 0 | BO65: 42000 | BP65: 21000 | BQ65: 21000 | BR65: 21000 | BS65: 21000 | BT65: 21000 | BU65: 21000 | BV65: 21000 | BW65: 21000 | BX65: 21000 | BY65: 21000 | BZ65: 21000 | CA65: 21000 | CB65: 21000 | CC65: 21000 | CD65: 21000 | CE65: 21000 | CF65: 21000 | CG65: 21000 | CH65: 21000 | CI65: 21000 | CJ65: 21000 | CK65: 21000 | CL65: 21000 | CM65: 21000 | CN65: 21000 | CO65: 21000 | CP65: 21000 | CQ65: 21000 | CR65: 21000 | CS65: 21000 | CT65: 21000 | CU65: 21000 | CV65: 21000 | CW65: 21000 | CX65: 21000 | CY65: 21000 | CZ65: 21000 | DA65: 21000 | DB65: 21000 | DC65: 21000 | DD65: 21000 | DE65: 21000 | DF65: 21000 | DG65: 21000 | DH65: 21000
A66: 60 | B66: አለሙ ሽመልስ | C66: 21000 | D66: =Sheet3!C62 -> 108 | E66: 21000 | F66: 21000 | G66: 21000 | H66: 21000 | I66: 21000 | J66: 21000 | K66: 21000 | L66: 21000 | M66: 21000 | N66: 21000 | O66: 21000 | P66: 21000 | Q66: 21000 | R66: 21000 | S66: 21000 | T66: 21000 | U66: 21000 | V66: 21000 | W66: 21000 | X66: 21000 | Y66: 21000 | Z66: 21000 | AA66: 21000 | AB66: 21000 | AC66: 21000 | AD66: 21000 | AE66: 21000 | AF66: 21000 | AG66: 0 | AH66: 42000 | AI66: 21000 | AJ66: 21000 | AK66: 21000 | AL66: 21000 | AM66: 21000 | AN66: 21000 | AO66: 21000 | AP66: 21000 | AQ66: 21000 | AR66: 21000 | AS66: 21000 | AT66: 21000 | AU66: 21000 | AV66: 21000 | AW66: 21000 | AX66: 21000 | AY66: 21000 | AZ66: 21000 | BA66: 21000 | BB66: 21000 | BC66: 21000 | BD66: 21000 | BE66: 21000 | BF66: 21000 | BG66: 21000 | BH66: 21000 | BI66: 21000 | BJ66: 21000 | BK66: 21000 | BL66: 21000 | BM66: 21000 | BN66: 21000 | BO66: 21000 | BP66: 0 | BQ66: 42000 | BR66: 21000 | BS66: 21000 | BT66: 21000 | BU66: 21000 | BV66: 21000 | BW66: 21000 | BX66: 21000 | BY66: 21000 | BZ66: 21000 | CA66: 21000 | CB66: 21000 | CC66: 21000 | CD66: 21000 | CE66: 21000 | CF66: 21000 | CG66: 21000 | CH66: 21000 | CI66: 21000 | CJ66: 21000 | CK66: 21000 | CL66: 21000 | CM66: 21000 | CN66: 21000 | CO66: 21000 | CP66: 21000 | CQ66: 21000 | CR66: 21000 | CS66: 21000 | CT66: 21000 | CU66: 21000 | CV66: 21000 | CW66: 21000 | CX66: 21000 | CY66: 21000 | CZ66: 21000 | DA66: 21000 | DB66: 21000 | DC66: 21000 | DD66: 21000 | DE66: 21000 | DF66: 21000 | DG66: 21000 | DH66: 21000
A67: 61 | B67: አልማዝ ደምሴ | C67: 21000 | D67: =Sheet3!C63 -> 103 | E67: 21000 | F67: 21000 | G67: 21000 | H67: 21000 | I67: 21000 | J67: 21000 | K67: 21000 | L67: 21000 | M67: 21000 | N67: 21000 | O67: 21000 | P67: 21000 | Q67: 21000 | R67: 21000 | S67: 21000 | T67: 21000 | U67: 21000 | V67: 21000 | W67: 21000 | X67: 0 | Y67: 0 | Z67: 21000 | AA67: 0 | AB67: 84000 | AC67: 21000 | AD67: 21000 | AE67: 21000 | AF67: 21000 | AG67: 21000 | AH67: 21000 | AI67: 21000 | AJ67: 21000 | AK67: 21000 | AL67: 0 | AM67: 42000 | AN67: 21000 | AO67: 21000 | AP67: 21000 | AQ67: 21000 | AR67: 21000 | AS67: 0 | AT67: 42000 | AU67: 21000 | AV67: 21000 | AW67: 21000 | AX67: 21000 | AY67: 21000 | AZ67: 21000 | BA67: 21000 | BB67: 21000 | BC67: 21000 | BD67: 21000 | BE67: 21000 | BF67: 21000 | BG67: 21000 | BH67: 21000 | BI67: 21000 | BJ67: 21000 | BK67: 21000 | BL67: 0 | BM67: 42000 | BN67: 21000 | BO67: 0 | BP67: 42000 | BQ67: 21000 | BR67: 21000 | BS67: 21000 | BT67: 21000 | BU67: 21000 | BV67: 0 | BW67: 21000 | BX67: 0 | BY67: 21000 | BZ67: 21000 | CA67: 21000 | CB67: 21000 | CC67: 21000 | CD67: 0 | CE67: 42000 | CF67: 21000 | CG67: 21000 | CH67: 21000 | CI67: 21000 | CJ67: 21000 | CK67: 21000 | CL67: 21000 | CM67: 21000 | CN67: 21000 | CO67: 42000 | CP67: 21000 | CQ67: 21000 | CR67: 21000 | CS67: 0 | CT67: 0 | CU67: 21000 | CV67: 21000 | CW67: 0 | CX67: 63000 | CY67: 21000 | CZ67: 21000 | DA67: 21000 | DB67: 21000 | DC67: 0 | DD67: 21000 | DE67: 21000 | DF67: 21000
A68: 62 | B68: ዳንኤል ጎሌ | C68: 21000 | D68: =Sheet3!C64 -> 108 | E68: 21000 | F68: 21000 | G68: 21000 | H68: 21000 | I68: 21000 | J68: 21000 | K68: 21000 | L68: 21000 | M68: 21000 | N68: 21000 | O68: 21000 | P68: 21000 | Q68: 21000 | R68: 21000 | S68: 21000 | T68: 21000 | U68: 21000 | V68: 21000 | W68: 21000 | X68: 21000 | Y68: 21000 | Z68: 21000 | AA68: 21000 | AB68: 21000 | AC68: 21000 | AD68: 21000 | AE68: 21000 | AF68: 21000 | AG68: 21000 | AH68: 21000 | AI68: 21000 | AJ68: 21000 | AK68: 21000 | AL68: 21000 | AM68: 21000 | AN68: 21000 | AO68: 21000 | AP68: 21000 | AQ68: 21000 | AR68: 21000 | AS68: 21000 | AT68: 21000 | AU68: 21000 | AV68: 21000 | AW68: 21000 | AX68: 21000 | AY68: 21000 | AZ68: 21000 | BA68: 21000 | BB68: 21000 | BC68: 21000 | BD68: 21000 | BE68: 21000 | BF68: 21000 | BG68: 21000 | BH68: 21000 | BI68: 21000 | BJ68: 21000 | BK68: 21000 | BL68: 21000 | BM68: 21000 | BN68: 21000 | BO68: 21000 | BP68: 21000 | BQ68: 21000 | BR68: 21000 | BS68: 21000 | BT68: 21000 | BU68: 21000 | BV68: 21000 | BW68: 21000 | BX68: 21000 | BY68: 21000 | BZ68: 21000 | CA68: 21000 | CB68: 21000 | CC68: 21000 | CD68: 21000 | CE68: 21000 | CF68: 21000 | CG68: 21000 | CH68: 0 | CI68: 42000 | CJ68: 21000 | CK68: 21000 | CL68: 21000 | CM68: 21000 | CN68: 21000 | CO68: 21000 | CP68: 21000 | CQ68: 21000 | CR68: 21000 | CS68: 21000 | CT68: 21000 | CU68: 21000 | CV68: 21000 | CW68: 21000 | CX68: 21000 | CY68: 21000 | CZ68: 21000 | DA68: 21000 | DB68: 21000 | DC68: 21000 | DD68: 21000 | DE68: 21000 | DF68: 21000 | DG68: 21000 | DH68: 21000
A69: 63 | B69: ፍቅሩ ሰጋሮ | C69: 21000 | D69: =Sheet3!C65 -> 102 | E69: 21000 | F69: 21000 | G69: 21000 | H69: 21000 | I69: 21000 | J69: 21000 | K69: 21000 | L69: 21000 | M69: 21000 | N69: 21000 | O69: 21000 | P69: 21000 | Q69: 21000 | R69: 21000 | S69: 21000 | T69: 21000 | U69: 21000 | V69: 21000 | W69: 21000 | X69: 21000 | Y69: 21000 | Z69: 21000 | AA69: 21000 | AB69: 0 | AC69: 42000 | AD69: 21000 | AE69: 21000 | AF69: 21000 | AG69: 21000 | AH69: 21000 | AI69: 21000 | AJ69: 21000 | AK69: 21000 | AL69: 21000 | AM69: 21000 | AN69: 21000 | AO69: 21000 | AP69: 21000 | AQ69: 21000 | AR69: 21000 | AS69: 21000 | AT69: 21000 | AU69: 21000 | AV69: 21000 | AW69: 21000 | AX69: 21000 | AY69: 21000 | AZ69: 21000 | BA69: 21000 | BB69: 21000 | BC69: 21000 | BD69: 21000 | BE69: 21000 | BF69: 21000 | BG69: 21000 | BH69: 21000 | BI69: 21000 | BJ69: 21000 | BK69: 21000 | BL69: 21000 | BM69: 0 | BN69: 0 | BO69: 42000 | BP69: 0 | BQ69: 21000 | BR69: 21000 | BS69: 21000 | BU69: 21000 | BV69: 0 | BW69: 21000 | BX69: 21000 | BY69: 21000 | BZ69: 21000 | CA69: 21000 | CB69: 21000 | CC69: 21000 | CD69: 21000 | CE69: 0 | CF69: 21000 | CG69: 21000 | CH69: 21000 | CI69: 0 | CJ69: 42000 | CK69: 0 | CL69: 42000 | CM69: 0 | CN69: 42000 | CO69: 0 | CP69: 42000 | CQ69: 0 | CR69: 42000 | CS69: 0 | CT69: 42000 | CU69: 0 | CV69: 21000 | CW69: 42000 | CX69: 0 | CY69: 42000 | CZ69: 0 | DA69: 42000 | DB69: 0 | DC69: 21000 | DD69: 42000 | DE69: 0 | DF69: 42000 | DH69: 21000
A70: 64 | B70: ቴዎድሮስ ጌታቸው | C70: 21000 | D70: =Sheet3!C66 -> 108 | E70: 21000 | F70: 21000 | G70: 21000 | H70: 21000 | I70: 21000 | J70: 21000 | K70: 21000 | L70: 21000 | M70: 21000 | N70: 21000 | O70: 21000 | P70: 21000 | Q70: 21000 | R70: 21000 | S70: 21000 | T70: 21000 | U70: 21000 | V70: 21000 | W70: 21000 | X70: 21000 | Y70: 21000 | Z70: 21000 | AA70: 21000 | AB70: 21000 | AC70: 21000 | AD70: 21000 | AE70: 21000 | AF70: 21000 | AG70: 21000 | AH70: 21000 | AI70: 21000 | AJ70: 21000 | AK70: 21000 | AL70: 21000 | AM70: 21000 | AN70: 21000 | AO70: 21000 | AP70: 21000 | AQ70: 21000 | AR70: 21000 | AS70: 21000 | AT70: 21000 | AU70: 21000 | AV70: 21000 | AW70: 21000 | AX70: 21000 | AY70: 21000 | AZ70: 21000 | BA70: 21000 | BB70: 21000 | BC70: 21000 | BD70: 21000 | BE70: 21000 | BF70: 21000 | BG70: 21000 | BH70: 21000 | BI70: 21000 | BJ70: 21000 | BK70: 0 | BL70: 42000 | BM70: 21000 | BN70: 21000 | BO70: 21000 | BP70: 21000 | BQ70: 21000 | BR70: 21000 | BS70: 21000 | BT70: 21000 | BU70: 21000 | BV70: 21000 | BW70: 21000 | BX70: 21000 | BY70: 21000 | BZ70: 21000 | CA70: 21000 | CB70: 21000 | CC70: 21000 | CD70: 21000 | CE70: 21000 | CF70: 21000 | CG70: 21000 | CH70: 21000 | CI70: 21000 | CJ70: 21000 | CK70: 21000 | CL70: 21000 | CM70: 21000 | CN70: 21000 | CO70: 21000 | CP70: 21000 | CQ70: 21000 | CR70: 21000 | CS70: 21000 | CT70: 21000 | CU70: 21000 | CV70: 21000 | CW70: 21000 | CX70: 21000 | CY70: 21000 | CZ70: 21000 | DA70: 21000 | DB70: 21000 | DC70: 21000 | DD70: 21000 | DE70: 21000 | DF70: 21000 | DG70: 21000 | DH70: 21000
A71: 65 | B71: ሀጊርሶ ጤሴጎ | C71: 21000 | D71: =Sheet3!C67 -> 103 | E71: 21000 | F71: 21000 | G71: 21000 | H71: 21000 | I71: 21000 | J71: 21000 | K71: 21000 | L71: 21000 | M71: 21000 | N71: 21000 | O71: 21000 | P71: 21000 | Q71: 21000 | R71: 21000 | S71: 21000 | T71: 21000 | U71: 21000 | V71: 21000 | W71: 21000 | X71: 21000 | Y71: 21000 | Z71: 21000 | AA71: 21000 | AB71: 21000 | AC71: 21000 | AD71: 21000 | AE71: 21000 | AF71: 21000 | AG71: 21000 | AH71: 21000 | AI71: 21000 | AJ71: 21000 | AK71: 21000 | AL71: 0 | AM71: 42000 | AN71: 21000 | AO71: 0 | AP71: 21000 | AQ71: 21000 | AR71: 21000 | AS71: 21000 | AT71: 21000 | AU71: 21000 | AV71: 0 | AW71: 21000 | AX71: 42000 | AY71: 0 | AZ71: 21000 | BA71: 21000 | BB71: 21000 | BC71: 0 | BD71: 42000 | BE71: 0 | BF71: 21000 | BG71: 42000 | BH71: 21000 | BI71: 0 | BJ71: 21000 | BK71: 42000 | BL71: 21000 | BM71: 21000 | BN71: 0 | BO71: 42000 | BP71: 21000 | BQ71: 21000 | BS71: 21000 | BT71: 42000 | BU71: 21000 | BV71: 21000 | BW71: 0 | BX71: 21000 | BY71: 21000 | BZ71: 21000 | CA71: 0 | CB71: 0 | CC71: 63000 | CD71: 0 | CF71: 63000 | CG71: 21000 | CH71: 21000 | CI71: 0 | CJ71: 21000 | CK71: 21000 | CL71: 0 | CM71: 42000 | CN71: 0 | CO71: 42000 | CP71: 21000 | CQ71: 0 | CR71: 21000 | CS71: 0 | CT71: 42000 | CU71: 0 | CV71: 63000 | CW71: 0 | CX71: 42000 | CY71: 42000 | CZ71: 0 | DA71: 0 | DB71: 42000 | DC71: 42000 | DD71: 21000 | DE71: 0 | DF71: 0 | DG71: 42000
A72: 66 | B72: ለገሰ አሸናፊ | C72: 21000 | D72: =Sheet3!C68 -> 53 | E72: 21000 | F72: 21000 | G72: 21000 | H72: 21000 | I72: 21000 | J72: 21000 | K72: 21000 | L72: 21000 | M72: 21000 | N72: 21000 | O72: 21000 | P72: 21000 | Q72: 21000 | R72: 21000 | S72: 21000 | T72: 21000 | U72: 21000 | V72: 21000 | W72: 21000 | X72: 21000 | Y72: 21000 | Z72: 21000 | AA72: 21000 | AB72: 21000 | AC72: 21000 | AD72: 21000 | AE72: 21000 | AF72: 21000 | AG72: 21000 | AH72: 21000 | AI72: 21000 | AJ72: 21000 | AK72: 21000 | AL72: 21000 | AM72: 21000 | AN72: 21000 | AO72: 21000 | AP72: 21000 | AQ72: 21000 | AR72: 21000 | AS72: 21000 | AT72: 21000 | AU72: 21000 | AV72: 21000 | AW72: 21000 | AX72: 21000 | AY72: 21000 | AZ72: 21000 | BA72: 21000 | BB72: 21000 | BC72: 21000 | BD72: 21000 | BE72: 0 | BF72: 0 | BG72: 0 | BH72: 0 | BI72: 0 | BJ72: 0 | BK72: 0 | BL72: 0 | BM72: 0 | BN72: 0 | BO72: 0 | BP72: 0 | BV72: 21000 | BW72: 0 | BX72: 0 | BY72: 0 | BZ72: 0 | CA72: 0 | CB72: 0 | CC72: 0 | CD72: 0 | CF72: 0 | CG72: 0 | CH72: 0 | CI72: 0 | CJ72: 0 | CK72: 0 | CL72: 0 | CM72: 0 | CN72: 0 | CO72: 0 | CP72: 0 | CQ72: 0 | CR72: 0 | CS72: 0 | CT72: 0 | CU72: 0 | CV72: 0 | CW72: 0 | CX72: 0 | CY72: 0 | CZ72: 0 | DA72: 0 | DB72: 0 | DC72: 0 | DD72: 0 | DE72: 0 | DF72: 0
A73: 67 | B73: ሽፈራው ወርቁ | C73: 21000 | D73: =Sheet3!C69 -> 108 | E73: 21000 | F73: 21000 | G73: 21000 | H73: 21000 | I73: 21000 | J73: 21000 | K73: 21000 | L73: 21000 | M73: 21000 | N73: 21000 | O73: 21000 | P73: 21000 | Q73: 21000 | R73: 21000 | S73: 21000 | T73: 21000 | U73: 21000 | V73: 21000 | W73: 21000 | X73: 21000 | Y73: 21000 | Z73: 21000 | AA73: 21000 | AB73: 21000 | AC73: 21000 | AD73: 21000 | AE73: 21000 | AF73: 21000 | AG73: 21000 | AH73: 21000 | AI73: 21000 | AJ73: 21000 | AK73: 21000 | AL73: 21000 | AM73: 0 | AN73: 42000 | AO73: 21000 | AP73: 21000 | AQ73: 21000 | AR73: 21000 | AS73: 0 | AT73: 42000 | AU73: 21000 | AV73: 21000 | AW73: 21000 | AX73: 21000 | AY73: 21000 | AZ73: 21000 | BA73: 21000 | BB73: 21000 | BC73: 21000 | BD73: 21000 | BE73: 21000 | BF73: 21000 | BG73: 21000 | BH73: 21000 | BI73: 21000 | BJ73: 21000 | BK73: 21000 | BL73: 21000 | BM73: 21000 | BN73: 21000 | BO73: 21000 | BP73: 21000 | BQ73: 21000 | BR73: 21000 | BS73: 21000 | BT73: 21000 | BU73: 21000 | BV73: 21000 | BW73: 21000 | BX73: 21000 | BY73: 21000 | BZ73: 21000 | CA73: 21000 | CB73: 21000 | CC73: 21000 | CD73: 21000 | CE73: 21000 | CF73: 21000 | CG73: 21000 | CH73: 21000 | CI73: 21000 | CJ73: 21000 | CK73: 21000 | CL73: 21000 | CM73: 0 | CN73: 42000 | CO73: 21000 | CP73: 21000 | CQ73: 21000 | CR73: 21000 | CS73: 21000 | CT73: 21000 | CU73: 21000 | CV73: 21000 | CW73: 21000 | CX73: 21000 | CY73: 21000 | CZ73: 21000 | DA73: 21000 | DB73: 21000 | DC73: 21000 | DD73: 21000 | DE73: 0 | DF73: 42000 | DG73: 21000 | DH73: 21000
A74: 68 | B74: አማረ ወርቁ | C74: 21000 | D74: =Sheet3!C70 -> 91 | E74: 21000 | F74: 21000 | G74: 21000 | H74: 21000 | I74: 21000 | J74: 21000 | K74: 21000 | L74: 21000 | M74: 21000 | N74: 21000 | O74: 21000 | P74: 21000 | Q74: 21000 | R74: 21000 | S74: 21000 | T74: 21000 | U74: 21000 | V74: 21000 | W74: 21000 | X74: 21000 | Y74: 21000 | Z74: 21000 | AA74: 21000 | AB74: 21000 | AC74: 21000 | AD74: 21000 | AE74: 21000 | AF74: 21000 | AG74: 21000 | AH74: 21000 | AI74: 21000 | AJ74: 21000 | AK74: 21000 | AL74: 21000 | AM74: 21000 | AN74: 21000 | AO74: 21000 | AP74: 21000 | AQ74: 21000 | AR74: 21000 | AS74: 21000 | AT74: 21000 | AU74: 21000 | AV74: 21000 | AW74: 0 | AX74: 0 | AY74: 0 | AZ74: 21000 | BA74: 42000 | BB74: 0 | BC74: 42000 | BD74: 21000 | BE74: 21000 | BF74: 21000 | BG74: 21000 | BH74: 0 | BI74: 0 | BJ74: 0 | BK74: 63000 | BL74: 0 | BM74: 0 | BN74: 0 | BO74: 0 | BP74: 0 | BQ74: 42000 | BR74: 21000 | BT74: 189000 | BV74: 0 | BW74: 0 | BX74: 0 | BY74: 0 | BZ74: 0 | CA74: 0 | CB74: 0 | CC74: 0 | CD74: 0 | CE74: 0 | CF74: 0 | CG74: 0 | CH74: 0 | CI74: 0 | CJ74: 0 | CK74: 0 | CL74: 0 | CM74: 336000 | CN74: 0 | CO74: 0 | CP74: 105000 | CQ74: 21000 | CR74: 0 | CS74: 0 | CT74: 0 | CU74: 0 | CV74: 0 | CW74: 0 | CX74: 0 | CY74: 0 | CZ74: 0 | DA74: 21000 | DB74: 0 | DC74: 0 | DD74: 0 | DE74: 0 | DF74: 0
A75: 69 | B75: ሄኖክ በቀለ | C75: 21000 | D75: =Sheet3!C71 -> 101 | E75: 21000 | F75: 21000 | G75: 21000 | H75: 21000 | I75: 21000 | J75: 21000 | K75: 21000 | L75: 21000 | M75: 21000 | N75: 21000 | O75: 21000 | P75: 21000 | Q75: 21000 | R75: 21000 | S75: 21000 | T75: 21000 | U75: 21000 | V75: 21000 | W75: 21000 | X75: 21000 | Y75: 21000 | Z75: 21000 | AA75: 21000 | AB75: 21000 | AC75: 21000 | AD75: 21000 | AE75: 21000 | AF75: 21000 | AG75: 0 | AH75: 42000 | AI75: 21000 | AJ75: 21000 | AK75: 21000 | AL75: 21000 | AM75: 21000 | AN75: 21000 | AO75: 21000 | AP75: 21000 | AQ75: 21000 | AR75: 21000 | AS75: 21000 | AT75: 21000 | AU75: 21000 | AV75: 0 | AW75: 42000 | AX75: 21000 | AY75: 21000 | AZ75: 21000 | BA75: 21000 | BB75: 21000 | BC75: 21000 | BD75: 0 | BE75: 21000 | BF75: 21000 | BG75: 42000 | BH75: 21000 | BI75: 21000 | BJ75: 21000 | BK75: 21000 | BL75: 21000 | BM75: 21000 | BN75: 0 | BO75: 21000 | BP75: 21000 | BQ75: 21000 | BR75: 21000 | BS75: 21000 | BT75: 21000 | BU75: 21000 | BV75: 21000 | BW75: 21000 | BX75: 0 | BY75: 21000 | BZ75: 0 | CA75: 0 | CB75: 0 | CC75: 0 | CD75: 0 | CE75: 0 | CF75: 21000 | CG75: 21000 | CH75: 21000 | CI75: 21000 | CJ75: 42000 | CK75: 0 | CL75: 0 | CM75: 21000 | CN75: 21000 | CO75: 0 | CP75: 0 | CQ75: 0 | CR75: 21000 | CS75: 0 | CT75: 84000 | CU75: 0 | CV75: 63000 | CW75: 0 | CX75: 63000 | CY75: 21000 | CZ75: 42000 | DA75: 21000 | DB75: 21000 | DC75: 0 | DD75: 21000 | DE75: 42000 | DF75: 0 | DG75: 42000 | DH75: 21000
A76: 70 | B76: ጥሩወርቅ አንዳርጌ | C76: 21000 | D76: =Sheet3!C72 -> 102 | E76: 21000 | F76: 21000 | G76: 21000 | H76: 21000 | I76: 21000 | J76: 21000 | K76: 21000 | L76: 21000 | M76: 21000 | N76: 21000 | O76: 21000 | P76: 21000 | Q76: 21000 | R76: 21000 | S76: 21000 | T76: 21000 | U76: 21000 | V76: 21000 | W76: 21000 | X76: 21000 | Y76: 21000 | Z76: 21000 | AA76: 21000 | AB76: 21000 | AC76: 21000 | AD76: 21000 | AE76: 21000 | AF76: 21000 | AG76: 21000 | AH76: 21000 | AI76: 21000 | AJ76: 21000 | AK76: 21000 | AL76: 21000 | AM76: 21000 | AN76: 21000 | AO76: 21000 | AP76: 21000 | AQ76: 21000 | AR76: 21000 | AS76: 21000 | AT76: 21000 | AU76: 21000 | AV76: 0 | AW76: 42000 | AX76: 21000 | AY76: 21000 | AZ76: 21000 | BA76: 21000 | BB76: 21000 | BC76: 21000 | BD76: 21000 | BE76: 21000 | BF76: 21000 | BG76: 21000 | BH76: 21000 | BI76: 21000 | BJ76: 0 | BK76: 42000 | BL76: 21000 | BM76: 21000 | BN76: 0 | BO76: 42000 | BP76: 0 | BQ76: 42000 | BR76: 21000 | BT76: 42000 | BU76: 21000 | BV76: 21000 | BW76: 0 | BX76: 42000 | BY76: 21000 | BZ76: 21000 | CA76: 21000 | CB76: 21000 | CC76: 21000 | CD76: 21000 | CE76: 0 | CF76: 42000 | CG76: 21000 | CH76: 21000 | CI76: 21000 | CJ76: 0 | CK76: 21000 | CL76: 21000 | CM76: 21000 | CN76: 21000 | CO76: 21000 | CP76: 21000 | CQ76: 21000 | CR76: 0 | CS76: 0 | CT76: 63000 | CU76: 0 | CV76: 21000 | CW76: 21000 | CX76: 21000 | CY76: 21000 | CZ76: 0 | DA76: 21000 | DB76: 21000 | DC76: 21000 | DD76: 21000 | DE76: 21000 | DF76: 0
A77: 71 | B77: እስራኤል ዩናስ | C77: 21000 | D77: =Sheet3!C73 -> 101 | E77: 21000 | F77: 21000 | G77: 21000 | H77: 21000 | I77: 21000 | J77: 21000 | K77: 21000 | L77: 21000 | M77: 21000 | N77: 21000 | O77: 21000 | P77: 21000 | Q77: 21000 | R77: 21000 | S77: 21000 | T77: 21000 | U77: 21000 | V77: 21000 | W77: 21000 | X77: 21000 | Y77: 0 | Z77: 42000 | AA77: 21000 | AB77: 21000 | AC77: 21000 | AD77: 21000 | AE77: 21000 | AF77: 21000 | AG77: 21000 | AH77: 21000 | AI77: 21000 | AJ77: 21000 | AK77: 21000 | AL77: 21000 | AM77: 21000 | AN77: 21000 | AO77: 21000 | AP77: 21000 | AQ77: 21000 | AR77: 21000 | AS77: 21000 | AT77: 21000 | AU77: 21000 | AV77: 21000 | AW77: 0 | AX77: 21000 | AY77: 21000 | AZ77: 0 | BA77: 21000 | BB77: 21000 | BC77: 21000 | BD77: 21000 | BE77: 21000 | BF77: 21000 | BG77: 21000 | BH77: 21000 | BI77: 21000 | BJ77: 21000 | BK77: 21000 | BL77: 21000 | BM77: 21000 | BN77: 21000 | BO77: 21000 | BP77: 0 | BQ77: 42000 | BR77: 21000 | BS77: 21000 | BT77: 0 | BU77: 21000 | BV77: 42000 | BW77: 21000 | BX77: 0 | BY77: 0 | BZ77: 0 | CA77: 0 | CB77: 0 | CC77: 126000 | CD77: 0 | CE77: 0 | CF77: 63000 | CG77: 0 | CH77: 0 | CI77: 0 | CJ77: 0 | CK77: 42000 | CL77: 0 | CM77: 0 | CN77: 42000 | CO77: 0 | CP77: 105000 | CQ77: 0 | CR77: 0 | CS77: 63000 | CT77: 0 | CU77: 42000 | CV77: 0 | CW77: 0 | CX77: 63000 | CY77: 0 | CZ77: 0 | DA77: 63000 | DB77: 0 | DC77: 0 | DD77: 0 | DE77: 63000 | DF77: 0
A78: 72 | B78: እንግዳ ካሳዬ | C78: 21000 | D78: =Sheet3!C74 -> 99 | E78: 21000 | F78: 21000 | G78: 21000 | H78: 21000 | I78: 21000 | J78: 21000 | K78: 21000 | L78: 21000 | M78: 21000 | N78: 21000 | O78: 21000 | P78: 21000 | Q78: 21000 | R78: 21000 | S78: 21000 | T78: 21000 | U78: 21000 | V78: 21000 | W78: 21000 | X78: 21000 | Y78: 21000 | Z78: 21000 | AA78: 21000 | AB78: 0 | AC78: 42000 | AD78: 21000 | AE78: 21000 | AF78: 21000 | AG78: 21000 | AH78: 21000 | AI78: 21000 | AJ78: 21000 | AK78: 21000 | AL78: 21000 | AM78: 21000 | AN78: 21000 | AO78: 21000 | AP78: 21000 | AQ78: 21000 | AR78: 21000 | AS78: 21000 | AT78: 21000 | AU78: 21000 | AV78: 21000 | AW78: 21000 | AX78: 21000 | AY78: 21000 | AZ78: 21000 | BA78: 21000 | BB78: 21000 | BC78: 21000 | BD78: 21000 | BE78: 21000 | BF78: 0 | BG78: 21000 | BH78: 21000 | BI78: 21000 | BJ78: 21000 | BK78: 21000 | BL78: 21000 | BM78: 21000 | BN78: 0 | BO78: 42000 | BP78: 21000 | BQ78: 21000 | BR78: 21000 | BS78: 21000 | BT78: 21000 | BU78: 21000 | BV78: 21000 | BW78: 21000 | BX78: 21000 | BY78: 21000 | BZ78: 21000 | CA78: 21000 | CB78: 0 | CC78: 42000 | CD78: 0 | CE78: 0 | CF78: 21000 | CG78: 0 | CH78: 42000 | CI78: 21000 | CJ78: 21000 | CK78: 21000 | CL78: 0 | CM78: 21000 | CN78: 21000 | CO78: 21000 | CP78: 0 | CQ78: 21000 | CR78: 21000 | CS78: 21000 | CT78: 21000 | CU78: 21000 | CV78: 21000 | CW78: 0 | CX78: 21000 | CY78: 0 | CZ78: 0 | DA78: 21000 | DB78: 21000 | DC78: 21000 | DD78: 21000 | DE78: 21000 | DF78: 21000 | DG78: 21000
A79: 73 | B79: ሲሳይ ይልማ | C79: 21000 | D79: =Sheet3!C75 -> 108 | E79: 21000 | F79: 21000 | G79: 21000 | H79: 21000 | I79: 21000 | J79: 21000 | K79: 21000 | L79: 21000 | M79: 21000 | N79: 21000 | O79: 21000 | P79: 21000 | Q79: 21000 | R79: 21000 | S79: 21000 | T79: 21000 | U79: 21000 | V79: 21000 | W79: 21000 | X79: 21000 | Y79: 21000 | Z79: 21000 | AA79: 21000 | AB79: 21000 | AC79: 21000 | AD79: 21000 | AE79: 21000 | AF79: 21000 | AG79: 21000 | AH79: 21000 | AI79: 21000 | AJ79: 21000 | AK79: 21000 | AL79: 21000 | AM79: 21000 | AN79: 21000 | AO79: 21000 | AP79: 21000 | AQ79: 21000 | AR79: 21000 | AS79: 21000 | AT79: 21000 | AU79: 21000 | AV79: 21000 | AW79: 21000 | AX79: 21000 | AY79: 21000 | AZ79: 21000 | BA79: 21000 | BB79: 21000 | BC79: 21000 | BD79: 21000 | BE79: 21000 | BF79: 21000 | BG79: 21000 | BH79: 21000 | BI79: 21000 | BJ79: 21000 | BK79: 21000 | BL79: 21000 | BM79: 21000 | BN79: 21000 | BO79: 21000 | BP79: 21000 | BQ79: 21000 | BR79: 21000 | BS79: 21000 | BT79: 21000 | BU79: 21000 | BV79: 21000 | BW79: 21000 | BX79: 21000 | BY79: 21000 | BZ79: 21000 | CA79: 21000 | CB79: 21000 | CC79: 21000 | CD79: 21000 | CE79: 21000 | CF79: 21000 | CG79: 21000 | CH79: 21000 | CI79: 21000 | CJ79: 21000 | CK79: 21000 | CL79: 21000 | CM79: 21000 | CN79: 21000 | CO79: 21000 | CP79: 21000 | CQ79: 21000 | CR79: 21000 | CS79: 21000 | CT79: 21000 | CU79: 21000 | CV79: 21000 | CW79: 21000 | CX79: 21000 | CY79: 21000 | CZ79: 0 | DA79: 42000 | DB79: 21000 | DC79: 21000 | DD79: 21000 | DE79: 21000 | DF79: 21000 | DG79: 21000 | DH79: 21000
A80: 74 | B80: ይርዳቸዉ ኤርሚያስ | C80: 21000 | D80: =Sheet3!C76 -> 91 | E80: 21000 | F80: 21000 | G80: 21000 | H80: 21000 | I80: 21000 | J80: 21000 | K80: 21000 | L80: 21000 | M80: 21000 | N80: 21000 | O80: 21000 | P80: 21000 | Q80: 21000 | R80: 21000 | S80: 21000 | T80: 21000 | U80: 21000 | V80: 21000 | W80: 21000 | X80: 21000 | Y80: 21000 | Z80: 21000 | AA80: 21000 | AB80: 0 | AC80: 42000 | AD80: 21000 | AE80: 0 | AF80: 42000 | AG80: 0 | AH80: 42000 | AI80: 0 | AJ80: 42000 | AK80: 21000 | AL80: 21000 | AM80: 21000 | AN80: 21000 | AO80: 21000 | AP80: 21000 | AQ80: 21000 | AR80: 21000 | AS80: 0 | AT80: 21000 | AU80: 21000 | AV80: 21000 | AW80: 21000 | AX80: 0 | AY80: 0 | AZ80: 21000 | BA80: 21000 | BB80: 0 | BC80: 21000 | BD80: 0 | BE80: 42000 | BF80: 42000 | BG80: 21000 | BH80: 21000 | BI80: 0 | BJ80: 42000 | BK80: 0 | BL80: 21000 | BM80: 21000 | BN80: 21000 | BO80: 21000 | BP80: 21000 | BQ80: 21000 | BS80: 63000 | BV80: 21000 | BW80: 0 | BX80: 42000 | BY80: 0 | BZ80: 0 | CA80: 0 | CB80: 0 | CC80: 0 | CD80: 0 | CE80: 0 | CF80: 42000 | CG80: 42000 | CH80: 0 | CI80: 42000 | CJ80: 42000 | CK80: 0 | CL80: 21000 | CM80: 0 | CN80: 21000 | CO80: 21000 | CP80: 0 | CQ80: 21000 | CR80: 21000 | CS80: 21000 | CT80: 0 | CU80: 0 | CV80: 42000 | CW80: 21000 | CX80: 21000 | CY80: 0 | CZ80: 21000 | DA80: 0 | DB80: 21000 | DC80: 0 | DD80: 21000 | DE80: 0 | DF80: 21000 | DH80: 42000
A81: 75 | B81: ጌቱ በቀለ | C81: 21000 | D81: =Sheet3!C77 -> 101 | E81: 21000 | F81: 21000 | G81: 21000 | H81: 21000 | I81: 21000 | J81: 21000 | K81: 21000 | L81: 21000 | M81: 21000 | N81: 21000 | O81: 21000 | P81: 21000 | Q81: 21000 | R81: 21000 | S81: 21000 | T81: 21000 | U81: 21000 | V81: 21000 | W81: 21000 | X81: 21000 | Y81: 21000 | Z81: 21000 | AA81: 21000 | AB81: 21000 | AC81: 21000 | AD81: 21000 | AE81: 21000 | AF81: 21000 | AG81: 21000 | AH81: 21000 | AI81: 21000 | AJ81: 21000 | AK81: 21000 | AL81: 21000 | AM81: 21000 | AN81: 21000 | AO81: 21000 | AP81: 21000 | AQ81: 21000 | AR81: 21000 | AS81: 21000 | AT81: 21000 | AU81: 21000 | AV81: 21000 | AW81: 21000 | AX81: 21000 | AY81: 21000 | AZ81: 21000 | BA81: 21000 | BB81: 21000 | BC81: 21000 | BD81: 21000 | BE81: 21000 | BF81: 21000 | BG81: 21000 | BH81: 21000 | BI81: 21000 | BJ81: 21000 | BK81: 21000 | BL81: 21000 | BM81: 21000 | BN81: 0 | BO81: 42000 | BP81: 21000 | BQ81: 21000 | BR81: 21000 | BS81: 21000 | BT81: 21000 | BV81: 21000 | BW81: 21000 | BX81: 21000 | BY81: 21000 | BZ81: 21000 | CA81: 21000 | CB81: 21000 | CC81: 21000 | CD81: 21000 | CE81: 0 | CF81: 21000 | CG81: 21000 | CH81: 21000 | CI81: 21000 | CJ81: 21000 | CK81: 21000 | CL81: 0 | CM81: 21000 | CN81: 0 | CO81: 21000 | CP81: 21000 | CQ81: 21000 | CR81: 21000 | CS81: 21000 | CT81: 21000 | CU81: 21000 | CV81: 21000 | CW81: 21000 | CX81: 21000 | CY81: 21000 | CZ81: 21000 | DA81: 21000 | DB81: 21000 | DC81: 21000 | DD81: 0 | DE81: 0 | DF81: 21000 | DG81: 21000
A82: 76 | B82: ሽፈራዉ ከበደ | C82: 21000 | D82: =Sheet3!C78 -> 107 | E82: 21000 | F82: 21000 | G82: 21000 | H82: 21000 | I82: 21000 | J82: 21000 | K82: 21000 | L82: 21000 | M82: 21000 | N82: 21000 | O82: 21000 | P82: 21000 | Q82: 21000 | R82: 21000 | S82: 21000 | T82: 21000 | U82: 21000 | V82: 21000 | W82: 21000 | X82: 21000 | Y82: 0 | Z82: 0 | AA82: 0 | AB82: 0 | AC82: 0 | AD82: 0 | AE82: 0 | AF82: 0 | AG82: 0 | AH82: 0 | AI82: 210000 | AJ82: 42000 | AK82: 21000 | AL82: 21000 | AM82: 21000 | AN82: 21000 | AO82: 21000 | AP82: 21000 | AQ82: 21000 | AR82: 21000 | AS82: 0 | AT82: 0 | AU82: 63000 | AV82: 21000 | AW82: 21000 | AX82: 21000 | AY82: 0 | AZ82: 0 | BA82: 0 | BB82: 84000 | BC82: 21000 | BD82: 21000 | BE82: 21000 | BF82: 21000 | BG82: 0 | BH82: 42000 | BI82: 0 | BJ82: 42000 | BK82: 21000 | BL82: 21000 | BM82: 21000 | BN82: 0 | BO82: 42000 | BP82: 21000 | BR82: 42000 | BS82: 21000 | BT82: 21000 | BU82: 21000 | BV82: 21000 | BW82: 0 | BX82: 42000 | BY82: 21000 | BZ82: 21000 | CA82: 21000 | CB82: 0 | CC82: 42000 | CD82: 21000 | CE82: 21000 | CF82: 21000 | CG82: 21000 | CH82: 21000 | CI82: 21000 | CJ82: 21000 | CK82: 21000 | CL82: 0 | CM82: 42000 | CN82: 0 | CO82: 42000 | CP82: 0 | CQ82: 42000 | CR82: 0 | CS82: 0 | CT82: 63000 | CU82: 21000 | CV82: 0 | CW82: 42000 | CX82: 0 | CY82: 42000 | CZ82: 0 | DA82: 42000 | DB82: 21000 | DC82: 0 | DD82: 42000 | DE82: 21000 | DF82: 0 | DG82: 42000
A83: 77 | B83: አስቴር ገ/ፃዲቅ | C83: 21000 | D83: =Sheet3!C79 -> 108 | E83: 21000 | F83: 21000 | G83: 21000 | H83: 21000 | I83: 21000 | J83: 21000 | K83: 21000 | L83: 21000 | M83: 21000 | N83: 21000 | O83: 21000 | P83: 21000 | Q83: 21000 | R83: 21000 | S83: 21000 | T83: 21000 | U83: 21000 | V83: 21000 | W83: 21000 | X83: 21000 | Y83: 21000 | Z83: 21000 | AA83: 21000 | AB83: 0 | AC83: 42000 | AD83: 21000 | AE83: 21000 | AF83: 21000 | AG83: 21000 | AH83: 21000 | AI83: 21000 | AJ83: 21000 | AK83: 21000 | AL83: 21000 | AM83: 21000 | AN83: 21000 | AO83: 21000 | AP83: 21000 | AQ83: 21000 | AR83: 21000 | AS83: 21000 | AT83: 0 | AU83: 21000 | AV83: 21000 | AW83: 21000 | AX83: 21000 | AY83: 21000 | AZ83: 21000 | BA83: 21000 | BB83: 21000 | BC83: 21000 | BD83: 21000 | BE83: 21000 | BF83: 21000 | BG83: 0 | BH83: 42000 | BI83: 21000 | BJ83: 21000 | BK83: 21000 | BL83: 21000 | BM83: 21000 | BN83: 0 | BO83: 42000 | BP83: 21000 | BQ83: 21000 | BR83: 21000 | BS83: 21000 | BT83: 42000 | BU83: 21000 | BV83: 0 | BW83: 42000 | BX83: 0 | BY83: 0 | BZ83: 63000 | CA83: 21000 | CB83: 21000 | CC83: 21000 | CD83: 21000 | CE83: 0 | CF83: 21000 | CG83: 42000 | CH83: 21000 | CI83: 21000 | CJ83: 0 | CK83: 0 | CL83: 0 | CM83: 84000 | CN83: 21000 | CO83: 0 | CP83: 42000 | CQ83: 0 | CR83: 42000 | CS83: 21000 | CT83: 21000 | CU83: 21000 | CV83: 21000 | CW83: 21000 | CX83: 0 | CY83: 42000 | CZ83: 21000 | DA83: 21000 | DB83: 0 | DC83: 42000 | DD83: 21000 | DE83: 21000 | DF83: 21000 | DH83: 42000
A84: 78 | B84: መለሰ ከለቻ | C84: 21000 | D84: =Sheet3!C80 -> 107 | E84: 21000 | F84: 21000 | G84: 21000 | H84: 21000 | I84: 21000 | J84: 21000 | K84: 21000 | L84: 21000 | M84: 21000 | N84: 21000 | O84: 21000 | P84: 21000 | Q84: 21000 | R84: 21000 | S84: 21000 | T84: 21000 | U84: 21000 | V84: 21000 | W84: 21000 | X84: 21000 | Y84: 21000 | Z84: 21000 | AA84: 21000 | AB84: 21000 | AC84: 21000 | AD84: 21000 | AE84: 21000 | AF84: 21000 | AG84: 21000 | AH84: 21000 | AI84: 21000 | AJ84: 21000 | AK84: 21000 | AL84: 21000 | AM84: 21000 | AN84: 21000 | AO84: 21000 | AP84: 21000 | AQ84: 21000 | AR84: 0 | AS84: 42000 | AT84: 21000 | AU84: 21000 | AV84: 0 | AW84: 42000 | AX84: 21000 | AY84: 21000 | AZ84: 21000 | BA84: 0 | BB84: 42000 | BC84: 0 | BD84: 42000 | BE84: 21000 | BF84: 0 | BG84: 42000 | BH84: 0 | BI84: 42000 | BJ84: 0 | BK84: 21000 | BL84: 42000 | BM84: 21000 | BN84: 0 | BO84: 42000 | BP84: 21000 | BQ84: 21000 | BR84: 21000 | BV84: 42000 | BW84: 42000 | BX84: 42000 | BY84: 0 | BZ84: 42000 | CA84: 21000 | CB84: 21000 | CC84: 21000 | CD84: 21000 | CE84: 0 | CF84: 42000 | CG84: 0 | CH84: 42000 | CI84: 0 | CJ84: 42000 | CK84: 0 | CL84: 42000 | CM84: 21000 | CN84: 21000 | CO84: 21000 | CP84: 0 | CQ84: 42000 | CR84: 0 | CS84: 42000 | CT84: 0 | CU84: 42000 | CV84: 21000 | CW84: 21000 | CX84: 0 | CY84: 21000 | CZ84: 21000 | DA84: 21000 | DB84: 21000 | DC84: 21000 | DD84: 21000 | DE84: 21000 | DF84: 21000 | DG84: 21000 | DH84: 21000
A85: 79 | B85: ሻምበል ሚልክያስ | C85: 21000 | D85: =Sheet3!C81 -> 106 | E85: 21000 | F85: 21000 | G85: 21000 | H85: 21000 | I85: 21000 | J85: 21000 | K85: 21000 | L85: 21000 | M85: 21000 | N85: 21000 | O85: 21000 | P85: 21000 | Q85: 21000 | R85: 21000 | S85: 21000 | T85: 21000 | U85: 21000 | V85: 21000 | W85: 21000 | X85: 21000 | Y85: 21000 | Z85: 21000 | AA85: 21000 | AB85: 0 | AC85: 42000 | AD85: 21000 | AE85: 21000 | AF85: 21000 | AG85: 21000 | AH85: 0 | AI85: 42000 | AJ85: 21000 | AK85: 21000 | AL85: 0 | AM85: 42000 | AN85: 21000 | AO85: 21000 | AP85: 21000 | AQ85: 21000 | AR85: 21000 | AS85: 0 | AT85: 42000 | AU85: 21000 | AV85: 0 | AW85: 42000 | AX85: 21000 | AY85: 21000 | AZ85: 21000 | BA85: 0 | BB85: 42000 | BC85: 0 | BD85: 42000 | BE85: 21000 | BF85: 0 | BG85: 42000 | BH85: 0 | BI85: 42000 | BJ85: 21000 | BK85: 0 | BL85: 21000 | BM85: 42000 | BN85: 21000 | BO85: 21000 | BP85: 21000 | BQ85: 21000 | BR85: 21000 | BS85: 21000 | BT85: 21000 | BU85: 21000 | BV85: 21000 | BW85: 21000 | BX85: 0 | BY85: 42000 | BZ85: 21000 | CA85: 0 | CB85: 42000 | CC85: 21000 | CD85: 21000 | CE85: 0 | CF85: 42000 | CG85: 21000 | CH85: 21000 | CI85: 21000 | CJ85: 21000 | CK85: 21000 | CL85: 21000 | CM85: 21000 | CN85: 21000 | CO85: 21000 | CP85: 0 | CQ85: 42000 | CR85: 21000 | CS85: 21000 | CT85: 21000 | CU85: 21000 | CV85: 0 | CW85: 42000 | CX85: 0 | CY85: 42000 | CZ85: 0 | DA85: 42000 | DB85: 0 | DC85: 21000 | DD85: 42000 | DE85: 0 | DF85: 21000 | DG85: 21000
A86: 80 | B86: አክሊሉ አጥናፉ | C86: 21000 | D86: =Sheet3!C82 -> 94 | E86: 21000 | F86: 21000 | G86: 21000 | H86: 21000 | I86: 21000 | J86: 21000 | K86: 21000 | L86: 21000 | M86: 21000 | N86: 21000 | O86: 21000 | P86: 21000 | Q86: 21000 | R86: 21000 | S86: 21000 | T86: 21000 | U86: 21000 | V86: 21000 | W86: 21000 | X86: 21000 | Y86: 21000 | Z86: 21000 | AA86: 21000 | AB86: 21000 | AC86: 21000 | AD86: 21000 | AE86: 21000 | AF86: 21000 | AG86: 21000 | AH86: 21000 | AI86: 21000 | AJ86: 21000 | AK86: 21000 | AL86: 21000 | AM86: 21000 | AN86: 0 | AO86: 42000 | AP86: 21000 | AQ86: 21000 | AR86: 21000 | AS86: 21000 | AT86: 0 | AU86: 42000 | AV86: 21000 | AW86: 21000 | AX86: 21000 | AY86: 0 | AZ86: 21000 | BA86: 42000 | BB86: 0 | BC86: 21000 | BD86: 21000 | BE86: 0 | BF86: 42000 | BG86: 21000 | BH86: 21000 | BI86: 21000 | BJ86: 0 | BK86: 42000 | BL86: 21000 | BM86: 21000 | BN86: 0 | BO86: 21000 | BP86: 21000 | BQ86: 21000 | BS86: 21000 | BT86: 21000 | BV86: 21000 | BW86: 0 | BX86: 0 | BY86: 21000 | BZ86: 21000 | CA86: 0 | CB86: 21000 | CC86: 21000 | CD86: 21000 | CE86: 0 | CF86: 21000 | CG86: 0 | CH86: 42000 | CI86: 21000 | CJ86: 21000 | CK86: 21000 | CL86: 21000 | CM86: 21000 | CN86: 0 | CO86: 21000 | CP86: 21000 | CQ86: 21000 | CR86: 0 | CS86: 0 | CT86: 63000 | CU86: 21000 | CV86: 0 | CW86: 21000 | CX86: 0 | CY86: 0 | CZ86: 42000 | DA86: 0 | DB86: 21000 | DC86: 0 | DD86: 42000 | DE86: 0 | DF86: 0 | DG86: 21000 | DH86: 21000
A87: 81 | B87: ታምራት ወርቁ | C87: 21000 | D87: =Sheet3!C83 -> 85 | E87: 21000 | F87: 21000 | G87: 21000 | H87: 21000 | I87: 21000 | J87: 21000 | K87: 21000 | L87: 21000 | M87: 21000 | N87: 21000 | O87: 21000 | P87: 21000 | Q87: 21000 | R87: 21000 | S87: 21000 | T87: 21000 | U87: 21000 | V87: 21000 | W87: 21000 | X87: 21000 | Y87: 21000 | Z87: 21000 | AA87: 21000 | AB87: 21000 | AC87: 21000 | AD87: 21000 | AE87: 21000 | AF87: 21000 | AG87: 21000 | AH87: 21000 | AI87: 21000 | AJ87: 21000 | AK87: 21000 | AL87: 21000 | AM87: 21000 | AN87: 21000 | AO87: 21000 | AP87: 21000 | AQ87: 21000 | AR87: 21000 | AS87: 21000 | AT87: 21000 | AU87: 21000 | AV87: 21000 | AW87: 0 | AX87: 21000 | AY87: 21000 | AZ87: 21000 | BA87: 21000 | BB87: 0 | BC87: 21000 | BD87: 21000 | BE87: 21000 | BF87: 21000 | BG87: 21000 | BH87: 21000 | BI87: 0 | BJ87: 0 | BK87: 0 | BL87: 0 | BM87: 0 | BN87: 0 | BO87: 0 | BP87: 0 | BQ87: 21000 | BT87: 210000 | BV87: 0 | BW87: 0 | BX87: 0 | BY87: 0 | BZ87: 0 | CA87: 0 | CB87: 21000 | CC87: 21000 | CD87: 0 | CE87: 21000 | CF87: 21000 | CG87: 21000 | CH87: 0 | CI87: 0 | CJ87: 21000 | CK87: 0 | CL87: 42000 | CM87: 147000 | CN87: 21000 | CO87: 0 | CP87: 21000 | CQ87: 21000 | CR87: 0 | CS87: 0 | CT87: 0 | CU87: 0 | CV87: 21000 | CW87: 21000 | CX87: 0 | CY87: 0 | CZ87: 0 | DA87: 0 | DB87: 0 | DC87: 0 | DD87: 0 | DE87: 0 | DF87: 0
A88: 82 | B88: አዲሱ ግሼ | C88: 21000 | D88: =Sheet3!C84 -> 106 | E88: 21000 | F88: 21000 | G88: 21000 | H88: 21000 | I88: 21000 | J88: 21000 | K88: 21000 | L88: 21000 | M88: 21000 | N88: 21000 | O88: 21000 | P88: 21000 | Q88: 21000 | R88: 21000 | S88: 21000 | T88: 21000 | U88: 21000 | V88: 21000 | W88: 21000 | X88: 21000 | Y88: 21000 | Z88: 21000 | AA88: 21000 | AB88: 21000 | AC88: 21000 | AD88: 21000 | AE88: 21000 | AF88: 21000 | AG88: 21000 | AH88: 21000 | AI88: 21000 | AJ88: 21000 | AK88: 21000 | AL88: 21000 | AM88: 21000 | AN88: 21000 | AO88: 21000 | AP88: 21000 | AQ88: 21000 | AR88: 21000 | AS88: 21000 | AT88: 21000 | AU88: 21000 | AV88: 21000 | AW88: 21000 | AX88: 21000 | AY88: 21000 | AZ88: 21000 | BA88: 21000 | BB88: 21000 | BC88: 21000 | BD88: 21000 | BE88: 21000 | BF88: 21000 | BG88: 21000 | BH88: 21000 | BI88: 21000 | BJ88: 21000 | BK88: 21000 | BL88: 21000 | BM88: 21000 | BN88: 21000 | BO88: 21000 | BP88: 21000 | BQ88: 21000 | BR88: 21000 | BS88: 21000 | BT88: 21000 | BU88: 21000 | BV88: 21000 | BW88: 21000 | BX88: 21000 | BY88: 21000 | BZ88: 21000 | CA88: 21000 | CB88: 21000 | CC88: 21000 | CD88: 0 | CE88: 42000 | CF88: 21000 | CG88: 21000 | CH88: 21000 | CI88: 21000 | CJ88: 21000 | CK88: 21000 | CL88: 0 | CM88: 42000 | CN88: 0 | CO88: 42000 | CP88: 0 | CQ88: 42000 | CR88: 0 | CS88: 42000 | CT88: 0 | CU88: 42000 | CV88: 0 | CW88: 42000 | CX88: 0 | CY88: 42000 | CZ88: 0 | DA88: 0 | DB88: 42000 | DC88: 21000 | DD88: 21000 | DE88: 21000 | DF88: 0 | DG88: 42000
A89: 83 | B89: ዘለቀ አከ | C89: 21000 | D89: =Sheet3!C85 -> 104 | E89: 21000 | F89: 21000 | G89: 21000 | H89: 21000 | I89: 21000 | J89: 21000 | K89: 21000 | L89: 21000 | M89: 21000 | N89: 21000 | O89: 21000 | P89: 21000 | Q89: 21000 | R89: 21000 | S89: 21000 | T89: 21000 | U89: 21000 | V89: 21000 | W89: 21000 | X89: 21000 | Y89: 21000 | Z89: 21000 | AA89: 21000 | AB89: 21000 | AC89: 21000 | AD89: 21000 | AE89: 21000 | AF89: 0 | AG89: 42000 | AH89: 21000 | AI89: 21000 | AJ89: 0 | AK89: 42000 | AL89: 21000 | AM89: 21000 | AN89: 0 | AO89: 42000 | AP89: 21000 | AQ89: 21000 | AR89: 21000 | AS89: 21000 | AT89: 21000 | AU89: 21000 | AV89: 21000 | AW89: 0 | AX89: 21000 | AY89: 42000 | AZ89: 21000 | BA89: 21000 | BB89: 21000 | BC89: 21000 | BD89: 21000 | BE89: 21000 | BF89: 21000 | BG89: 21000 | BH89: 0 | BI89: 42000 | BJ89: 21000 | BK89: 21000 | BL89: 0 | BM89: 42000 | BN89: 21000 | BO89: 21000 | BP89: 0 | BQ89: 42000 | BS89: 21000 | BT89: 21000 | BU89: 42000 | BV89: 21000 | BW89: 21000 | BX89: 0 | BY89: 42000 | BZ89: 0 | CA89: 42000 | CB89: 21000 | CC89: 21000 | CD89: 21000 | CE89: 0 | CF89: 42000 | CG89: 0 | CH89: 42000 | CI89: 0 | CJ89: 0 | CK89: 63000 | CL89: 0 | CM89: 0 | CN89: 63000 | CO89: 0 | CP89: 0 | CQ89: 63000 | CR89: 0 | CS89: 42000 | CT89: 0 | CU89: 0 | CV89: 0 | CW89: 42000 | CX89: 0 | CY89: 0 | CZ89: 0 | DA89: 63000 | DB89: 0 | DC89: 0 | DD89: 0 | DE89: 105000 | DF89: 0 | DG89: 21000
A90: 84 | B90: ከፈለኝ ፃዲቁ | C90: 21000 | D90: =Sheet3!C86 -> 0 | E90: 0 | F90: 0 | G90: 0 | H90: 0 | I90: 0 | J90: 0 | K90: 0 | L90: 0 | M90: 0 | N90: 0 | O90: 0 | P90: 0 | Q90: 0 | R90: 0 | S90: 0 | T90: 0 | U90: 0 | V90: 0 | W90: 0 | X90: 0 | Y90: 0 | Z90: 0 | AA90: 0 | AB90: 0 | AC90: 0 | AD90: 0 | AE90: 0 | AF90: 0 | AG90: 0 | AH90: 0 | AI90: 0 | AJ90: 0 | AK90: 0 | AL90: 0 | AM90: 0 | AN90: 0 | AO90: 0 | AP90: 0 | AQ90: 0 | AR90: 0 | AS90: 0 | AT90: 0 | AU90: 0 | AV90: 0 | AW90: 0 | AX90: 0 | AY90: 0 | AZ90: 0 | BA90: 0 | BB90: 0 | BC90: 0 | BD90: 0 | BE90: 0 | BF90: 0 | BG90: 0 | BH90: 0 | BI90: 0 | BJ90: 0 | BK90: 0 | BL90: 0 | BM90: 0 | BN90: 0 | BO90: 0 | BP90: 0 | BV90: 0 | BW90: 0 | BX90: 0 | BY90: 0 | BZ90: 0 | CA90: 0 | CB90: 0 | CC90: 0 | CD90: 0 | CE90: 0 | CF90: 0 | CG90: 0 | CH90: 0 | CI90: 0 | CJ90: 0 | CK90: 0 | CL90: 0 | CM90: 0 | CN90: 0 | CO90: 0 | CP90: 0 | CQ90: 0 | CR90: 0 | CS90: 0 | CT90: 0 | CU90: 0 | CV90: 0 | CW90: 0 | CX90: 0 | CY90: 0 | CZ90: 0 | DA90: 0 | DB90: 0 | DC90: 0 | DD90: 0 | DE90: 0 | DF90: 0
A91: 85 | B91: ጋቶ ጋሌ | C91: 21000 | D91: =Sheet3!C87 -> 107 | E91: 21000 | F91: 21000 | G91: 21000 | H91: 21000 | I91: 21000 | J91: 21000 | K91: 21000 | L91: 21000 | M91: 21000 | N91: 21000 | O91: 21000 | P91: 21000 | Q91: 21000 | R91: 21000 | S91: 21000 | T91: 21000 | U91: 21000 | V91: 21000 | W91: 21000 | X91: 21000 | Y91: 21000 | Z91: 21000 | AA91: 21000 | AB91: 21000 | AC91: 21000 | AD91: 21000 | AE91: 21000 | AF91: 21000 | AG91: 21000 | AH91: 21000 | AI91: 21000 | AJ91: 21000 | AK91: 21000 | AL91: 21000 | AM91: 21000 | AN91: 21000 | AO91: 21000 | AP91: 21000 | AQ91: 21000 | AR91: 21000 | AS91: 21000 | AT91: 21000 | AU91: 21000 | AV91: 0 | AW91: 42000 | AX91: 21000 | AY91: 21000 | AZ91: 21000 | BA91: 21000 | BB91: 21000 | BC91: 0 | BD91: 42000 | BE91: 21000 | BF91: 21000 | BG91: 21000 | BH91: 0 | BI91: 42000 | BJ91: 21000 | BK91: 0 | BL91: 42000 | BM91: 21000 | BN91: 21000 | BO91: 21000 | BP91: 21000 | BQ91: 21000 | BR91: 21000 | BS91: 21000 | BT91: 21000 | BU91: 21000 | BV91: 21000 | BW91: 21000 | BX91: 21000 | BY91: 21000 | BZ91: 21000 | CA91: 21000 | CB91: 21000 | CC91: 21000 | CD91: 21000 | CE91: 21000 | CF91: 21000 | CG91: 21000 | CH91: 21000 | CI91: 21000 | CJ91: 21000 | CK91: 21000 | CL91: 21000 | CM91: 21000 | CN91: 21000 | CO91: 21000 | CP91: 21000 | CQ91: 0 | CR91: 21000 | CS91: 21000 | CT91: 21000 | CU91: 21000 | CV91: 21000 | CW91: 21000 | CX91: 21000 | CY91: 21000 | CZ91: 21000 | DA91: 21000 | DB91: 21000 | DC91: 21000 | DD91: 21000 | DE91: 21000 | DF91: 0 | DG91: 42000 | DH91: 21000
A92: 86 | B92: ቀሬ ቀማቾ | C92: 21000 | D92: =Sheet3!C88 -> 101 | E92: 21000 | F92: 21000 | G92: 21000 | H92: 21000 | I92: 21000 | J92: 21000 | K92: 21000 | L92: 21000 | M92: 21000 | N92: 21000 | O92: 21000 | P92: 21000 | Q92: 21000 | R92: 21000 | S92: 21000 | T92: 21000 | U92: 21000 | V92: 21000 | W92: 21000 | X92: 21000 | Y92: 21000 | Z92: 21000 | AA92: 21000 | AB92: 21000 | AC92: 21000 | AD92: 21000 | AE92: 21000 | AF92: 21000 | AG92: 21000 | AH92: 21000 | AI92: 21000 | AJ92: 21000 | AK92: 21000 | AL92: 21000 | AM92: 21000 | AN92: 21000 | AO92: 21000 | AP92: 21000 | AQ92: 21000 | AR92: 21000 | AS92: 21000 | AT92: 21000 | AU92: 21000 | AV92: 21000 | AW92: 21000 | AX92: 21000 | AY92: 21000 | AZ92: 21000 | BA92: 21000 | BB92: 21000 | BC92: 21000 | BD92: 21000 | BE92: 21000 | BF92: 21000 | BG92: 21000 | BH92: 21000 | BI92: 21000 | BJ92: 21000 | BK92: 21000 | BL92: 21000 | BM92: 21000 | BN92: 21000 | BO92: 21000 | BP92: 0 | BQ92: 42000 | BR92: 21000 | BT92: 42000 | BU92: 21000 | BV92: 0 | BW92: 42000 | BX92: 0 | BY92: 42000 | BZ92: 0 | CA92: 42000 | CB92: 0 | CC92: 42000 | CD92: 0 | CE92: 0 | CF92: 63000 | CG92: 0 | CH92: 0 | CI92: 63000 | CJ92: 0 | CK92: 0 | CL92: 63000 | CM92: 0 | CN92: 0 | CO92: 63000 | CP92: 0 | CQ92: 0 | CR92: 0 | CS92: 42000 | CT92: 0 | CU92: 0 | CV92: 42000 | CW92: 0 | CX92: 0 | CY92: 42000 | CZ92: 0 | DA92: 0 | DB92: 63000 | DC92: 0 | DD92: 0 | DE92: 63000 | DF92: 0
A93: 87 | B93: ሀብታሙ ቀሬ | C93: 21000 | D93: =Sheet3!C89 -> 101 | E93: 21000 | F93: 21000 | G93: 21000 | H93: 21000 | I93: 21000 | J93: 21000 | K93: 21000 | L93: 21000 | M93: 21000 | N93: 21000 | O93: 21000 | P93: 21000 | Q93: 21000 | R93: 21000 | S93: 21000 | T93: 21000 | U93: 21000 | V93: 21000 | W93: 21000 | X93: 21000 | Y93: 21000 | Z93: 21000 | AA93: 21000 | AB93: 21000 | AC93: 21000 | AD93: 21000 | AE93: 21000 | AF93: 21000 | AG93: 21000 | AH93: 21000 | AI93: 21000 | AJ93: 21000 | AK93: 21000 | AL93: 21000 | AM93: 21000 | AN93: 21000 | AO93: 21000 | AP93: 21000 | AQ93: 21000 | AR93: 21000 | AS93: 21000 | AT93: 21000 | AU93: 21000 | AV93: 21000 | AW93: 21000 | AX93: 21000 | AY93: 21000 | AZ93: 21000 | BA93: 21000 | BB93: 21000 | BC93: 21000 | BD93: 21000 | BE93: 21000 | BF93: 21000 | BG93: 21000 | BH93: 21000 | BI93: 21000 | BJ93: 21000 | BK93: 21000 | BL93: 21000 | BM93: 21000 | BN93: 21000 | BO93: 21000 | BP93: 0 | BQ93: 42000 | BR93: 21000 | BT93: 42000 | BU93: 21000 | BV93: 0 | BW93: 42000 | BX93: 0 | BY93: 42000 | BZ93: 0 | CA93: 42000 | CB93: 0 | CC93: 42000 | CD93: 0 | CE93: 0 | CF93: 63000 | CG93: 0 | CH93: 0 | CI93: 63000 | CJ93: 0 | CK93: 0 | CL93: 63000 | CM93: 0 | CN93: 0 | CO93: 63000 | CP93: 0 | CQ93: 0 | CR93: 0 | CS93: 42000 | CT93: 0 | CU93: 0 | CV93: 42000 | CW93: 0 | CX93: 0 | CY93: 42000 | CZ93: 0 | DA93: 0 | DB93: 63000 | DC93: 0 | DD93: 0 | DE93: 63000 | DF93: 0
A94: 88 | B94: ኢዮብ ዋኬኖ | C94: 21000 | D94: =Sheet3!C90 -> 103 | E94: 21000 | F94: 21000 | G94: 21000 | H94: 21000 | I94: 21000 | J94: 21000 | K94: 21000 | L94: 21000 | M94: 21000 | N94: 21000 | O94: 21000 | P94: 21000 | Q94: 21000 | R94: 21000 | S94: 21000 | T94: 21000 | U94: 21000 | V94: 21000 | W94: 21000 | X94: 21000 | Y94: 21000 | Z94: 21000 | AA94: 21000 | AB94: 0 | AC94: 42000 | AD94: 21000 | AE94: 0 | AF94: 42000 | AG94: 0 | AH94: 42000 | AI94: 0 | AJ94: 42000 | AK94: 0 | AL94: 42000 | AM94: 21000 | AN94: 21000 | AO94: 0 | AP94: 42000 | AQ94: 21000 | AR94: 0 | AS94: 21000 | AT94: 42000 | AU94: 0 | AV94: 42000 | AW94: 0 | AX94: 42000 | AY94: 21000 | AZ94: 21000 | BA94: 21000 | BB94: 21000 | BC94: 21000 | BD94: 21000 | BE94: 0 | BF94: 21000 | BG94: 21000 | BH94: 0 | BI94: 63000 | BJ94: 0 | BK94: 21000 | BL94: 21000 | BM94: 21000 | BN94: 0 | BO94: 21000 | BP94: 0 | BQ94: 42000 | BR94: 21000 | BS94: 21000 | BT94: 42000 | BU94: 21000 | BV94: 0 | BW94: 0 | BX94: 63000 | BY94: 0 | BZ94: 0 | CA94: 42000 | CB94: 21000 | CC94: 0 | CD94: 42000 | CE94: 0 | CF94: 0 | CG94: 0 | CH94: 84000 | CI94: 63000 | CJ94: 0 | CK94: 42000 | CL94: 0 | CM94: 0 | CN94: 63000 | CO94: 21000 | CP94: 21000 | CQ94: 21000 | CR94: 0 | CS94: 42000 | CT94: 21000 | CU94: 0 | CV94: 0 | CW94: 0 | CX94: 0 | CY94: 0 | CZ94: 0 | DA94: 63000 | DB94: 84000 | DC94: 0 | DD94: 0 | DE94: 0 | DF94: 0 | DG94: 42000
A95: 89 | B95: ስለሺ ግርማ | C95: 21000 | D95: =Sheet3!C91 -> 108 | E95: 21000 | F95: 21000 | G95: 21000 | H95: 21000 | I95: 21000 | J95: 21000 | K95: 21000 | L95: 21000 | M95: 21000 | N95: 21000 | O95: 21000 | P95: 21000 | Q95: 21000 | R95: 21000 | S95: 21000 | T95: 21000 | U95: 21000 | V95: 21000 | W95: 21000 | X95: 21000 | Y95: 21000 | Z95: 21000 | AA95: 21000 | AB95: 21000 | AC95: 21000 | AD95: 21000 | AE95: 21000 | AF95: 21000 | AG95: 21000 | AH95: 21000 | AI95: 21000 | AJ95: 21000 | AK95: 21000 | AL95: 21000 | AM95: 21000 | AN95: 21000 | AO95: 21000 | AP95: 21000 | AQ95: 21000 | AR95: 21000 | AS95: 21000 | AT95: 21000 | AU95: 21000 | AV95: 21000 | AW95: 21000 | AX95: 21000 | AY95: 21000 | AZ95: 21000 | BA95: 21000 | BB95: 21000 | BC95: 21000 | BD95: 21000 | BE95: 21000 | BF95: 21000 | BG95: 21000 | BH95: 21000 | BI95: 21000 | BJ95: 21000 | BK95: 21000 | BL95: 21000 | BM95: 21000 | BN95: 0 | BO95: 42000 | BP95: 21000 | BQ95: 21000 | BR95: 21000 | BS95: 21000 | BT95: 21000 | BU95: 21000 | BV95: 21000 | BW95: 21000 | BX95: 21000 | BY95: 21000 | BZ95: 21000 | CA95: 21000 | CB95: 21000 | CC95: 21000 | CD95: 21000 | CE95: 0 | CF95: 42000 | CG95: 21000 | CH95: 0 | CI95: 42000 | CJ95: 0 | CK95: 42000 | CL95: 21000 | CM95: 0 | CN95: 42000 | CO95: 21000 | CP95: 21000 | CQ95: 0 | CR95: 0 | CS95: 63000 | CT95: 21000 | CU95: 0 | CV95: 42000 | CW95: 21000 | CX95: 21000 | CY95: 0 | CZ95: 42000 | DA95: 0 | DB95: 42000 | DC95: 21000 | DD95: 21000 | DE95: 21000 | DF95: 21000 | DG95: 21000 | DH95: 21000
A96: 90 | B96: ሰለሞን ግርማ | C96: 21000 | D96: =Sheet3!C92 -> 104 | E96: 21000 | F96: 21000 | G96: 21000 | H96: 21000 | I96: 21000 | J96: 21000 | K96: 21000 | L96: 21000 | M96: 21000 | N96: 21000 | O96: 21000 | P96: 21000 | Q96: 21000 | R96: 21000 | S96: 21000 | T96: 21000 | U96: 21000 | V96: 21000 | W96: 21000 | X96: 21000 | Y96: 21000 | Z96: 21000 | AA96: 21000 | AB96: 0 | AC96: 42000 | AD96: 21000 | AE96: 21000 | AF96: 21000 | AG96: 21000 | AH96: 21000 | AI96: 21000 | AJ96: 21000 | AK96: 21000 | AL96: 21000 | AM96: 21000 | AN96: 21000 | AO96: 21000 | AP96: 21000 | AQ96: 21000 | AR96: 21000 | AS96: 21000 | AT96: 21000 | AU96: 21000 | AV96: 21000 | AW96: 21000 | AX96: 21000 | AY96: 21000 | AZ96: 0 | BA96: 42000 | BB96: 21000 | BC96: 21000 | BD96: 0 | BE96: 42000 | BF96: 21000 | BG96: 21000 | BH96: 21000 | BI96: 21000 | BJ96: 0 | BK96: 42000 | BL96: 21000 | BM96: 21000 | BN96: 0 | BO96: 21000 | BP96: 42000 | BQ96: 0 | BR96: 42000 | BS96: 0 | BT96: 42000 | BU96: 21000 | BV96: 0 | BW96: 21000 | BX96: 21000 | BY96: 21000 | BZ96: 0 | CA96: 42000 | CB96: 0 | CC96: 21000 | CD96: 21000 | CE96: 21000 | CF96: 42000 | CG96: 21000 | CH96: 21000 | CI96: 21000 | CJ96: 0 | CK96: 0 | CL96: 42000 | CM96: 0 | CN96: 42000 | CO96: 42000 | CP96: 21000 | CQ96: 0 | CR96: 0 | CS96: 42000 | CT96: 21000 | CU96: 0 | CV96: 42000 | CW96: 0 | CX96: 21000 | CY96: 21000 | CZ96: 0 | DA96: 0 | DB96: 42000 | DC96: 0 | DD96: 21000 | DE96: 42000 | DF96: 0 | DG96: 42000 | DH96: 21000
A97: 91 | B97: ሄኖክ ቶሎሳ | C97: 21000 | D97: =Sheet3!C93 -> 104 | E97: 21000 | F97: 21000 | G97: 21000 | H97: 21000 | I97: 21000 | J97: 21000 | K97: 21000 | L97: 21000 | M97: 21000 | N97: 21000 | O97: 21000 | P97: 21000 | Q97: 21000 | R97: 21000 | S97: 21000 | T97: 21000 | U97: 21000 | V97: 21000 | W97: 21000 | X97: 0 | Y97: 21000 | Z97: 21000 | AA97: 21000 | AB97: 0 | AC97: 42000 | AD97: 21000 | AE97: 21000 | AF97: 42000 | AG97: 21000 | AH97: 21000 | AI97: 21000 | AJ97: 21000 | AK97: 21000 | AL97: 21000 | AM97: 21000 | AN97: 0 | AO97: 42000 | AP97: 21000 | AQ97: 21000 | AR97: 21000 | AS97: 21000 | AT97: 21000 | AU97: 21000 | AV97: 21000 | AW97: 21000 | AX97: 0 | AY97: 42000 | AZ97: 21000 | BA97: 21000 | BB97: 21000 | BC97: 21000 | BD97: 21000 | BE97: 21000 | BF97: 21000 | BG97: 0 | BH97: 0 | BI97: 63000 | BJ97: 21000 | BK97: 21000 | BL97: 0 | BM97: 42000 | BN97: 0 | BO97: 42000 | BP97: 21000 | BQ97: 21000 | BR97: 0 | BS97: 42000 | BT97: 21000 | BU97: 21000 | BV97: 0 | BW97: 42000 | BX97: 0 | BY97: 42000 | BZ97: 0 | CA97: 21000 | CB97: 42000 | CC97: 21000 | CD97: 21000 | CE97: 0 | CF97: 42000 | CG97: 21000 | CH97: 0 | CI97: 21000 | CJ97: 0 | CK97: 42000 | CL97: 21000 | CM97: 0 | CN97: 42000 | CO97: 0 | CP97: 42000 | CQ97: 0 | CR97: 0 | CS97: 63000 | CT97: 0 | CU97: 0 | CV97: 21000 | CW97: 42000 | CX97: 0 | CY97: 0 | CZ97: 42000 | DA97: 21000 | DB97: 21000 | DC97: 0 | DD97: 42000 | DE97: 0 | DF97: 0 | DG97: 42000 | DH97: 21000
A98: 92 | B98: ያዕቆብ ይቱራ | C98: 21000 | D98: =Sheet3!C94 -> 102 | E98: 21000 | F98: 21000 | G98: 21000 | H98: 21000 | I98: 21000 | J98: 21000 | K98: 21000 | L98: 21000 | M98: 21000 | N98: 21000 | O98: 21000 | P98: 21000 | Q98: 21000 | R98: 21000 | S98: 21000 | T98: 21000 | U98: 21000 | V98: 21000 | W98: 21000 | X98: 21000 | Y98: 21000 | Z98: 21000 | AA98: 21000 | AB98: 0 | AC98: 42000 | AD98: 21000 | AE98: 21000 | AF98: 0 | AG98: 42000 | AH98: 21000 | AI98: 0 | AJ98: 0 | AK98: 42000 | AL98: 42000 | AM98: 0 | AN98: 21000 | AO98: 21000 | AP98: 21000 | AQ98: 21000 | AR98: 21000 | AS98: 21000 | AT98: 21000 | AU98: 21000 | AV98: 21000 | AW98: 21000 | AX98: 21000 | AY98: 21000 | AZ98: 0 | BA98: 42000 | BB98: 21000 | BC98: 21000 | BD98: 0 | BE98: 21000 | BF98: 42000 | BG98: 21000 | BH98: 0 | BI98: 21000 | BJ98: 42000 | BK98: 21000 | BL98: 0 | BM98: 21000 | BN98: 0 | BO98: 42000 | BP98: 0 | BQ98: 42000 | BR98: 21000 | BS98: 0 | BT98: 42000 | BU98: 21000 | BV98: 0 | BW98: 0 | BX98: 21000 | BY98: 21000 | BZ98: 0 | CA98: 84000 | CB98: 21000 | CC98: 21000 | CD98: 0 | CE98: 0 | CF98: 42000 | CG98: 21000 | CH98: 21000 | CI98: 21000 | CJ98: 0 | CK98: 42000 | CL98: 21000 | CM98: 21000 | CN98: 21000 | CO98: 0 | CP98: 21000 | CQ98: 0 | CR98: 0 | CS98: 42000 | CT98: 21000 | CU98: 21000 | CV98: 21000 | CW98: 21000 | CX98: 21000 | CY98: 21000 | CZ98: 0 | DA98: 42000 | DB98: 21000 | DC98: 21000 | DD98: 0 | DE98: 42000 | DF98: 0 | DG98: 21000 | DH98: 21000
A99: 93 | B99: እንግዳ ካሳዬ | C99: 21000 | D99: =Sheet3!C95 -> 99 | E99: 21000 | F99: 21000 | G99: 21000 | H99: 21000 | I99: 21000 | J99: 21000 | K99: 21000 | L99: 21000 | M99: 21000 | N99: 21000 | O99: 21000 | P99: 21000 | Q99: 21000 | R99: 21000 | S99: 21000 | T99: 21000 | U99: 21000 | V99: 21000 | W99: 21000 | X99: 21000 | Y99: 21000 | Z99: 21000 | AA99: 21000 | AB99: 0 | AC99: 42000 | AD99: 21000 | AE99: 21000 | AF99: 21000 | AG99: 21000 | AH99: 21000 | AI99: 21000 | AJ99: 21000 | AK99: 21000 | AL99: 21000 | AM99: 21000 | AN99: 21000 | AO99: 21000 | AP99: 21000 | AQ99: 21000 | AR99: 21000 | AS99: 21000 | AT99: 21000 | AU99: 21000 | AV99: 21000 | AW99: 21000 | AX99: 21000 | AY99: 21000 | AZ99: 21000 | BA99: 21000 | BB99: 21000 | BC99: 21000 | BD99: 21000 | BE99: 21000 | BF99: 0 | BG99: 21000 | BH99: 21000 | BI99: 21000 | BJ99: 21000 | BK99: 21000 | BL99: 21000 | BM99: 21000 | BN99: 0 | BO99: 42000 | BP99: 21000 | BQ99: 21000 | BR99: 21000 | BS99: 21000 | BT99: 21000 | BU99: 21000 | BV99: 21000 | BW99: 21000 | BX99: 21000 | BY99: 21000 | BZ99: 21000 | CA99: 21000 | CB99: 0 | CC99: 42000 | CD99: 0 | CE99: 0 | CF99: 21000 | CG99: 0 | CH99: 42000 | CI99: 21000 | CJ99: 21000 | CK99: 21000 | CL99: 0 | CM99: 42000 | CN99: 21000 | CO99: 21000 | CP99: 0 | CQ99: 21000 | CR99: 21000 | CS99: 21000 | CT99: 21000 | CU99: 21000 | CV99: 21000 | CW99: 0 | CX99: 21000 | CY99: 0 | CZ99: 0 | DA99: 21000 | DB99: 21000 | DC99: 0 | DD99: 21000 | DE99: 21000 | DF99: 0 | DG99: 21000 | DH99: 21000
A100: 94 | B100: ዬሐንስ ከበደ | C100: 10500 | D100: =Sheet3!C96 -> 107 | E100: 10500 | F100: 10500 | G100: 10500 | H100: 10500 | I100: 10500 | J100: 10500 | K100: 10500 | L100: 10500 | M100: 10500 | N100: 10500 | O100: 10500 | P100: 10500 | Q100: 10500 | R100: 10500 | S100: 10500 | T100: 10500 | U100: 10500 | V100: 10500 | W100: 10500 | X100: 10500 | Y100: 0 | Z100: 21000 | AA100: 0 | AB100: 21000 | AC100: 10500 | AD100: 10500 | AE100: 0 | AF100: 10500 | AG100: 10500 | AH100: 10500 | AI100: 10500 | AJ100: 10500 | AK100: 10500 | AL100: 10500 | AM100: 10500 | AN100: 10500 | AO100: 10500 | AP100: 0 | AQ100: 31500 | AR100: 10500 | AS100: 0 | AT100: 21000 | AU100: 10500 | AV100: 10500 | AW100: 10500 | AX100: 0 | AY100: 10500 | AZ100: 21000 | BA100: 0 | BB100: 10500 | BC100: 10500 | BD100: 10500 | BE100: 21000 | BF100: 0 | BG100: 10500 | BH100: 0 | BI100: 21000 | BJ100: 10500 | BK100: 0 | BL100: 21000 | BM100: 10500 | BN100: 10500 | BO100: 0 | BP100: 10500 | BQ100: 10500 | BR100: 0 | BS100: 21000 | BT100: 31500 | BV100: 10500 | BW100: 0 | BX100: 0 | BY100: 0 | BZ100: 31500 | CA100: 0 | CB100: 0 | CC100: 0 | CD100: 31500 | CE100: 0 | CF100: 31500 | CG100: 0 | CH100: 0 | CI100: 31500 | CJ100: 0 | CK100: 10500 | CL100: 0 | CM100: 0 | CN100: 21000 | CO100: 0 | CP100: 0 | CQ100: 0 | CR100: 0 | CS100: 31500 | CT100: 10500 | CU100: 0 | CV100: 31500 | CW100: 21000 | CX100: 0 | CY100: 0 | CZ100: 0 | DA100: 31500 | DB100: 21000 | DC100: 10500 | DD100: 21000 | DE100: 21000 | DF100: 0 | DH100: 42000
...

Sheet ቦኖ
A1: =ዕቁብ!A1 -> ዕጣ ቁጥር | B1: =ዕቁብ!B1 -> ስም | D1: 1 | E1: =D1+1 -> 2 | F1: =E1+1 -> 3 | G1: =F1+1 -> 4 | H1: =G1+1 -> 5 | I1: =H1+1 -> 6 | J1: =I1+1 -> 7 | K1: =J1+1 -> 8 | L1: =K1+1 -> 9 | ... DQ1: =DP1+1 -> 118
C2: =ዕቁብ!C1 -> ክፍያ መጠን | D2: =ዕቁብ!E2 -> 44871 | E2: =ዕቁብ!F2 -> 44878 | F2: =ዕቁብ!G2 -> 44885 | G2: =ዕቁብ!H2 -> 44892 | H2: =ዕቁብ!I2 -> 44899 | I2: =ዕቁብ!J2 -> 44906 | J2: =ዕቁብ!K2 -> 44913 | K2: =ዕቁብ!L2 -> 44920 | ... DQ2: =ዕቁብ!DR2 -> 45690
D3: =D137 -> 107 | E3: =E137 -> 106.5 | F3: =F137 -> 106.5 | G3: =G137 -> 106.5 | H3: =H137 -> 106.5 | I3: =I137 -> 106.5 | J3: =J137 -> 106.5 | K3: =K137 -> 106.5 | ... DQ3: =DQ137 -> 0
A4: =ዕቁብ!A6 -> 1 | B4: =ዕቁብ!B6 -> መስፍን ሀ/ማሪያም | C4: =ዕቁብ!C6 -> 21000 | D4: =IF((ዕቁብ!E6/ቦኖ!$C$4>0),1,0) -> 1 | E4: =IF((ዕቁብ!F6/ቦኖ!$C$4>0),1,0) -> 1 | F4: =IF((ዕቁብ!G6/ቦኖ!$C$4>0),1,0) -> 1 | G4: =IF((ዕቁብ!H6/ቦኖ!$C$4>0),1,0) -> 1 | H4: =IF((ዕቁብ!I6/ቦኖ!$C$4>0),1,0) -> 1 | I4: =IF((ዕቁብ!J6/ቦኖ!$C$4>0),1,0) -> 1 | J4: =IF((ዕቁብ!K6/ቦኖ!$C$4>0),1,0) -> 1 | K4: =IF((ዕቁብ!L6/ቦኖ!$C$4>0),1,0) -> 1 | ... DQ4: =IF((ዕቁብ!DR6/ቦኖ!$C$4>0),1,0) -> 0
A5: =ዕቁብ!A7 -> 2 | B5: =ዕቁብ!B7 -> ዓማኑኤል አላሮ | C5: =ዕቁብ!C7 -> 21000 | D5: =IF((ዕቁብ!E7/ቦኖ!$C$4>0),1,0) -> 1 | E5: =IF((ዕቁብ!F7/ቦኖ!$C$4>0),1,0) -> 1 | F5: =IF((ዕቁብ!G7/ቦኖ!$C$4>0),1,0) -> 1 | G5: =IF((ዕቁብ!H7/ቦኖ!$C$4>0),1,0) -> 1 | H5: =IF((ዕቁብ!I7/ቦኖ!$C$4>0),1,0) -> 1 | I5: =IF((ዕቁብ!J7/ቦኖ!$C$4>0),1,0) -> 1 | J5: =IF((ዕቁብ!K7/ቦኖ!$C$4>0),1,0) -> 1 | K5: =IF((ዕቁብ!L7/ቦኖ!$C$4>0),1,0) -> 1 | ... DQ5: =IF((ዕቁብ!DR7/ቦኖ!$C$4>0),1,0) -> 0
A6: =ዕቁብ!A8 -> 3 | B6: =ዕቁብ!B8 -> ብርሃኑ ማሩ | C6: =ዕቁብ!C8 -> 21000 | D6: =IF((ዕቁብ!E8/ቦኖ!$C$4>0),1,0) -> 1 | E6: =IF((ዕቁብ!F8/ቦኖ!$C$4>0),1,0) -> 1 | F6: =IF((ዕቁብ!G8/ቦኖ!$C$4>0),1,0) -> 1 | G6: =IF((ዕቁብ!H8/ቦኖ!$C$4>0),1,0) -> 1 | H6: =IF((ዕቁብ!I8/ቦኖ!$C$4>0),1,0) -> 1 | I6: =IF((ዕቁብ!J8/ቦኖ!$C$4>0),1,0) -> 1 | J6: =IF((ዕቁብ!K8/ቦኖ!$C$4>0),1,0) -> 1 | K6: =IF((ዕቁብ!L8/ቦኖ!$C$4>0),1,0) -> 1 | ... DQ6: =IF((ዕቁብ!DR8/ቦኖ!$C$4>0),1,0) -> 0
A7: =ዕቁብ!A9 -> 4 | B7: =ዕቁብ!B9 -> ከፈለኝ ፃዲቁ | C7: =ዕቁብ!C9 -> 21000 | D7: =IF((ዕቁብ!E9/ቦኖ!$C$4>0),1,0) -> 0 | E7: =IF((ዕቁብ!F9/ቦኖ!$C$4>0),1,0) -> 0 | F7: =IF((ዕቁብ!G9/ቦኖ!$C$4>0),1,0) -> 0 | G7: =IF((ዕቁብ!H9/ቦኖ!$C$4>0),1,0) -> 0 | H7: =IF((ዕቁብ!I9/ቦኖ!$C$4>0),1,0) -> 0 | I7: =IF((ዕቁብ!J9/ቦኖ!$C$4>0),1,0) -> 0 | J7: =IF((ዕቁብ!K9/ቦኖ!$C$4>0),1,0) -> 0 | K7: =IF((ዕቁብ!L9/ቦኖ!$C$4>0),1,0) -> 0 | ... DQ7: =IF((ዕቁብ!DR9/ቦኖ!$C$4>0),1,0) -> 0
A8: =ዕቁብ!A10 -> 5 | B8: =ዕቁብ!B10 -> አስፈው ወርጂ | C8: =ዕቁብ!C10 -> 21000 | D8: =IF((ዕቁብ!E10/ቦኖ!$C$4>0),1,0) -> 1 | E8: =IF((ዕቁብ!F10/ቦኖ!$C$4>0),1,0) -> 1 | F8: =IF((ዕቁብ!G10/ቦኖ!$C$4>0),1,0) -> 1 | G8: =IF((ዕቁብ!H10/ቦኖ!$C$4>0),1,0) -> 1 | H8: =IF((ዕቁብ!I10/ቦኖ!$C$4>0),1,0) -> 1 | I8: =IF((ዕቁብ!J10/ቦኖ!$C$4>0),1,0) -> 1 | J8: =IF((ዕቁብ!K10/ቦኖ!$C$4>0),1,0) -> 1 | K8: =IF((ዕቁብ!L10/ቦኖ!$C$4>0),1,0) -> 1 | ... DQ8: =IF((ዕቁብ!DR10/ቦኖ!$C$4>0),1,0) -> 0
A9: =ዕቁብ!A11 -> 6 | B9: =ዕቁብ!B11 -> ከተማ ለማ | C9: =ዕቁብ!C11 -> 21000 | D9: =IF((ዕቁብ!E11/ቦኖ!$C$4>0),1,0) -> 1 | E9: =IF((ዕቁብ!F11/ቦኖ!$C$4>0),1,0) -> 1 | F9: =IF((ዕቁብ!G11/ቦኖ!$C$4>0),1,0) -> 1 | G9: =IF((ዕቁብ!H11/ቦኖ!$C$4>0),1,0) -> 1 | H9: =IF((ዕቁብ!I11/ቦኖ!$C$4>0),1,0) -> 1 | I9: =IF((ዕቁብ!J11/ቦኖ!$C$4>0),1,0) -> 1 | J9: =IF((ዕቁብ!K11/ቦኖ!$C$4>0),1,0) -> 1 | K9: =IF((ዕቁብ!L11/ቦኖ!$C$4>0),1,0) -> 1 | ... DQ9: =IF((ዕቁብ!DR11/ቦኖ!$C$4>0),1,0) -> 0
A10: =ዕቁብ!A12 -> 7 | B10: =ዕቁብ!B12 -> ጥላነሽ ከበደ | C10: =ዕቁብ!C12 -> 21000 | D10: =IF((ዕቁብ!E12/ቦኖ!$C$4>0),1,0) -> 1 | E10: =IF((ዕቁብ!F12/ቦኖ!$C$4>0),1,0) -> 1 | F10: =IF((ዕቁብ!G12/ቦኖ!$C$4>0),1,0) -> 1 | G10: =IF((ዕቁብ!H12/ቦኖ!$C$4>0),1,0) -> 1 | H10: =IF((ዕቁብ!I12/ቦኖ!$C$4>0),1,0) -> 1 | I10: =IF((ዕቁብ!J12/ቦኖ!$C$4>0),1,0) -> 1 | J10: =IF((ዕቁብ!K12/ቦኖ!$C$4>0),1,0) -> 1 | K10: =IF((ዕቁብ!L12/ቦኖ!$C$4>0),1,0) -> 1 | ... DQ10: =IF((ዕቁብ!DR12/ቦኖ!$C$4>0),1,0) -> 0
A11: =ዕቁብ!A13 -> 8 | B11: =ዕቁብ!B13 -> ሲሳይ ባህሩ | C11: =ዕቁብ!C13 -> 21000 | D11: =IF((ዕቁብ!E13/ቦኖ!$C$4>0),1,0) -> 1 | E11: =IF((ዕቁብ!F13/ቦኖ!$C$4>0),1,0) -> 1 | F11: =IF((ዕቁብ!G13/ቦኖ!$C$4>0),1,0) -> 1 | G11: =IF((ዕቁብ!H13/ቦኖ!$C$4>0),1,0) -> 1 | H11: =IF((ዕቁብ!I13/ቦኖ!$C$4>0),1,0) -> 1 | I11: =IF((ዕቁብ!J13/ቦኖ!$C$4>0),1,0) -> 1 | J11: =IF((ዕቁብ!K13/ቦኖ!$C$4>0),1,0) -> 1 | K11: =IF((ዕቁብ!L13/ቦኖ!$C$4>0),1,0) -> 1 | ... DQ11: =IF((ዕቁብ!DR13/ቦኖ!$C$4>0),1,0) -> 0
A12: =ዕቁብ!A14 -> 9 | B12: =ዕቁብ!B14 -> ሲንታየሁ ካሳ | C12: =ዕቁብ!C14 -> 21000 | D12: =IF((ዕቁብ!E14/ቦኖ!$C$4>0),1,0) -> 1 | E12: =IF((ዕቁብ!F14/ቦኖ!$C$4>0),1,0) -> 1 | F12: =IF((ዕቁብ!G14/ቦኖ!$C$4>0),1,0) -> 1 | G12: =IF((ዕቁብ!H14/ቦኖ!$C$4>0),1,0) -> 1 | H12: =IF((ዕቁብ!I14/ቦኖ!$C$4>0),1,0) -> 1 | I12: =IF((ዕቁብ!J14/ቦኖ!$C$4>0),1,0) -> 1 | J12: =IF((ዕቁብ!K14/ቦኖ!$C$4>0),1,0) -> 1 | K12: =IF((ዕቁብ!L14/ቦኖ!$C$4>0),1,0) -> 1 | ... DQ12: =IF((ዕቁብ!DR14/ቦኖ!$C$4>0),1,0) -> 0
A13: =ዕቁብ!A15 -> 10 | B13: =ዕቁብ!B15 -> ጥላነሽ ከበደ | C13: =ዕቁብ!C15 -> 21000 | D13: =IF((ዕቁብ!E15/ቦኖ!$C$4>0),1,0) -> 1 | E13: =IF((ዕቁብ!F15/ቦኖ!$C$4>0),1,0) -> 1 | F13: =IF((ዕቁብ!G15/ቦኖ!$C$4>0),1,0) -> 1 | G13: =IF((ዕቁብ!H15/ቦኖ!$C$4>0),1,0) -> 1 | H13: =IF((ዕቁብ!I15/ቦኖ!$C$4>0),1,0) -> 1 | I13: =IF((ዕቁብ!J15/ቦኖ!$C$4>0),1,0) -> 1 | J13: =IF((ዕቁብ!K15/ቦኖ!$C$4>0),1,0) -> 1 | K13: =IF((ዕቁብ!L15/ቦኖ!$C$4>0),1,0) -> 1 | ... DQ13: =IF((ዕቁብ!DR15/ቦኖ!$C$4>0),1,0) -> 0
A14: =ዕቁብ!A16 -> 11 | B14: =ዕቁብ!B16 -> ሄኖክ በቀለ | C14: =ዕቁብ!C16 -> 21000 | D14: =IF((ዕቁብ!E16/ቦኖ!$C$4>0),1,0) -> 1 | E14: =IF((ዕቁብ!F16/ቦኖ!$C$4>0),1,0) -> 1 | F14: =IF((ዕቁብ!G16/ቦኖ!$C$4>0),1,0) -> 1 | G14: =IF((ዕቁብ!H16/ቦኖ!$C$4>0),1,0) -> 1 | H14: =IF((ዕቁብ!I16/ቦኖ!$C$4>0),1,0) -> 1 | I14: =IF((ዕቁብ!J16/ቦኖ!$C$4>0),1,0) -> 1 | J14: =IF((ዕቁብ!K16/ቦኖ!$C$4>0),1,0) -> 1 | K14: =IF((ዕቁብ!L16/ቦኖ!$C$4>0),1,0) -> 1 | ... DQ14: =IF((ዕቁብ!DR16/ቦኖ!$C$4>0),1,0) -> 0
A15: =ዕቁብ!A17 -> 12 | B15: =ዕቁብ!B17 -> ሀብታሙ ፃዲቁ | C15: =ዕቁብ!C17 -> 21000 | D15: =IF((ዕቁብ!E17/ቦኖ!$C$4>0),1,0) -> 0 | E15: =IF((ዕቁብ!F17/ቦኖ!$C$4>0),1,0) -> 0 | F15: =IF((ዕቁብ!G17/ቦኖ!$C$4>0),1,0) -> 0 | G15: =IF((ዕቁብ!H17/ቦኖ!$C$4>0),1,0) -> 0 | H15: =IF((ዕቁብ!I17/ቦኖ!$C$4>0),1,0) -> 0 | I15: =IF((ዕቁብ!J17/ቦኖ!$C$4>0),1,0) -> 0 | J15: =IF((ዕቁብ!K17/ቦኖ!$C$4>0),1,0) -> 0 | K15: =IF((ዕቁብ!L17/ቦኖ!$C$4>0),1,0) -> 0 | ... DQ15: =IF((ዕቁብ!DR17/ቦኖ!$C$4>0),1,0) -> 0
... A21: =ዕቁብ!A23 -> 18 | B21: =ዕቁብ!B23 -> ህዝቄል ጴጥሮስ | C21: =ዕቁብ!C23 -> 21000 | D21: =IF((ዕቁብ!E23/ቦኖ!$C$4>0),1,0) -> 1 | E21: =IF((ዕቁብ!F23/ቦኖ!$C$4>0),1,0) -> 1 | F21: =IF((ዕቁብ!G23/ቦኖ!$C$4>0),1,0) -> 1 | G21: =IF((ዕቁብ!H23/ቦኖ!$C$4>0),1,0) -> 1 | H21: =IF((ዕቁብ!I23/ቦኖ!$C$4>0),1,0) -> 1 | I21: =IF((ዕቁብ!J23/ቦኖ!$C$4>0),1,0) -> 1 | J21: =IF((ዕቁብ!K23/ቦኖ!$C$4>0),1,0) -> 1 | K21: =IF((ዕቁብ!L23/ቦኖ!$C$4>0),1,0) -> 1 | ... DQ21: =IF((ዕቁብ!DR23/ቦኖ!$C$4>0),1,0) -> 0
A22: =ዕቁብ!A24 -> 19 | B22: =ዕቁብ!B24 -> አንተነህ ግዛዉ | C22: =ዕቁብ!C24 -> 10500 | D22: =IF((ዕቁብ!E24/ቦኖ!$C$4>0),(1/2),0) -> 0.5 | E22: =IF((ዕቁብ!F24/ቦኖ!$C$4>0),(1/2),0) -> 0.5 | F22: =IF((ዕቁብ!G24/ቦኖ!$C$4>0),(1/2),0) -> 0.5 | G22: =IF((ዕቁብ!H24/ቦኖ!$C$4>0),(1/2),0) -> 0.5 | H22: =IF((ዕቁብ!I24/ቦኖ!$C$4>0),(1/2),0) -> 0.5 | I22: =IF((ዕቁብ!J24/ቦኖ!$C$4>0),(1/2),0) -> 0.5 | J22: =IF((ዕቁብ!K24/ቦኖ!$C$4>0),(1/2),0) -> 0.5 | K22: =IF((ዕቁብ!L24/ቦኖ!$C$4>0),(1/2),0) -> 0.5 | ... DQ22: =IF((ዕቁብ!DR24/ቦኖ!$C$4>0),(1/2),0) -> 0
A23: =ዕቁብ!A25 -> 19 | B23: =ዕቁብ!B25 -> አለማየሁ ገዛህኝ | C23: =ዕቁብ!C25 -> 10500 | D23: =IF((ዕቁብ!E25/ቦኖ!$C$4>0),(1/2),0) -> 0.5 | E23: =IF((ዕቁብ!F25/ቦኖ!$C$4>0),(1/2),0) -> 0.5 | F23: =IF((ዕቁብ!G25/ቦኖ!$C$4>0),(1/2),0) -> 0.5 | G23: =IF((ዕቁብ!H25/ቦኖ!$C$4>0),(1/2),0) -> 0.5 | H23: =IF((ዕቁብ!I25/ቦኖ!$C$4>0),(1/2),0) -> 0.5 | I23: =IF((ዕቁብ!J25/ቦኖ!$C$4>0),(1/2),0) -> 0.5 | J23: =IF((ዕቁብ!K25/ቦኖ!$C$4>0),(1/2),0) -> 0.5 | K23: =IF((ዕቁብ!L25/ቦኖ!$C$4>0),(1/2),0) -> 0.5 | ... DQ23: =IF((ዕቁብ!DR25/ቦኖ!$C$4>0),(1/2),0) -> 0
A24: =ዕቁብ!A26 -> 20 | B24: =ዕቁብ!B26 -> ሻምበል ቦንጃ | C24: =ዕቁብ!C26 -> 21000 | D24: =IF((ዕቁብ!E26/ቦኖ!$C$4>0),1,0) -> 1 | E24: =IF((ዕቁብ!F26/ቦኖ!$C$4>0),1,0) -> 1 | F24: =IF((ዕቁብ!G26/ቦኖ!$C$4>0),1,0) -> 1 | G24: =IF((ዕቁብ!H26/ቦኖ!$C$4>0),1,0) -> 1 | H24: =IF((ዕቁብ!I26/ቦኖ!$C$4>0),1,0) -> 1 | I24: =IF((ዕቁብ!J26/ቦኖ!$C$4>0),1,0) -> 1 | J24: =IF((ዕቁብ!K26/ቦኖ!$C$4>0),1,0) -> 1 | K24: =IF((ዕቁብ!L26/ቦኖ!$C$4>0),1,0) -> 1 | ... DQ24: =IF((ዕቁብ!DR26/ቦኖ!$C$4>0),1,0) -> 0
A25: =ዕቁብ!A27 -> 21 | B25: =ዕቁብ!B27 -> ማተጎ አመኖ | C25: =ዕቁብ!C27 -> 21000 | D25: =IF((ዕቁብ!E27/ቦኖ!$C$4>0),1,0) -> 1 | E25: =IF((ዕቁብ!F27/ቦኖ!$C$4>0),1,0) -> 1 | F25: =IF((ዕቁብ!G27/ቦኖ!$C$4>0),1,0) -> 1 | G25: =IF((ዕቁብ!H27/ቦኖ!$C$4>0),1,0) -> 1 | H25: =IF((ዕቁብ!I27/ቦኖ!$C$4>0),1,0) -> 1 | I25: =IF((ዕቁብ!J27/ቦኖ!$C$4>0),1,0) -> 1 | J25: =IF((ዕቁብ!K27/ቦኖ!$C$4>0),1,0) -> 1 | K25: =IF((ዕቁብ!L27/ቦኖ!$C$4>0),1,0) -> 1 | ... DQ25: =IF((ዕቁብ!DR27/ቦኖ!$C$4>0),1,0) -> 0
A26: =ዕቁብ!A28 -> 22 | B26: =ዕቁብ!B28 -> ማሩ እርቅይሁን | C26: =ዕቁብ!C28 -> 21000 | D26: =IF((ዕቁብ!E28/ቦኖ!$C$4>0),1,0) -> 1 | E26: =IF((ዕቁብ!F28/ቦኖ!$C$4>0),1,0) -> 1 | F26: =IF((ዕቁብ!G28/ቦኖ!$C$4>0),1,0) -> 1 | G26: =IF((ዕቁብ!H28/ቦኖ!$C$4>0),1,0) -> 1 | H26: =IF((ዕቁብ!I28/ቦኖ!$C$4>0),1,0) -> 1 | I26: =IF((ዕቁብ!J28/ቦኖ!$C$4>0),1,0) -> 1 | J26: =IF((ዕቁብ!K28/ቦኖ!$C$4>0),1,0) -> 1 | K26: =IF((ዕቁብ!L28/ቦኖ!$C$4>0),1,0) -> 1 | ... DQ26: =IF((ዕቁብ!DR28/ቦኖ!$C$4>0),1,0) -> 0
A27: =ዕቁብ!A29 -> 23 | B27: =ዕቁብ!B29 -> ደረጀ ታደግ | C27: =ዕቁብ!C29 -> 21000 | D27: =IF((ዕቁብ!E29/ቦኖ!$C$4>0),1,0) -> 1 | E27: =IF((ዕቁብ!F29/ቦኖ!$C$4>0),1,0) -> 1 | F27: =IF((ዕቁብ!G29/ቦኖ!$C$4>0),1,0) -> 1 | G27: =IF((ዕቁብ!H29/ቦኖ!$C$4>0),1,0) -> 1 | H27: =IF((ዕቁብ!I29/ቦኖ!$C$4>0),1,0) -> 1 | I27: =IF((ዕቁብ!J29/ቦኖ!$C$4>0),1,0) -> 1 | J27: =IF((ዕቁብ!K29/ቦኖ!$C$4>0),1,0) -> 1 | K27: =IF((ዕቁብ!L29/ቦኖ!$C$4>0),1,0) -> 1 | ... DQ27: =IF((ዕቁብ!DR29/ቦኖ!$C$4>0),1,0) -> 0
A28: =ዕቁብ!A30 -> 24 | B28: =ዕቁብ!B30 -> ስንቅነሽ ጃራ | C28: =ዕቁብ!C30 -> 21000 | D28: =IF((ዕቁብ!E30/ቦኖ!$C$4>0),1,0) -> 1 | E28: =IF((ዕቁብ!F30/ቦኖ!$C$4>0),1,0) -> 1 | F28: =IF((ዕቁብ!G30/ቦኖ!$C$4>0),1,0) -> 1 | G28: =IF((ዕቁብ!H30/ቦኖ!$C$4>0),1,0) -> 1 | H28: =IF((ዕቁብ!I30/ቦኖ!$C$4>0),1,0) -> 1 | I28: =IF((ዕቁብ!J30/ቦኖ!$C$4>0),1,0) -> 1 | J28: =IF((ዕቁብ!K30/ቦኖ!$C$4>0),1,0) -> 1 | K28: =IF((ዕቁብ!L30/ቦኖ!$C$4>0),1,0) -> 1 | ... DQ28: =IF((ዕቁብ!DR30/ቦኖ!$C$4>0),1,0) -> 0
A29: =ዕቁብ!A31 -> 25 | B29: =ዕቁብ!B31 -> ይድነቃቸው ወ/መስቀል | C29: =ዕቁብ!C31 -> 21000 | D29: =IF((ዕቁብ!E31/ቦኖ!$C$4>0),1,0) -> 1 | E29: =IF((ዕቁብ!F31/ቦኖ!$C$4>0),1,0) -> 1 | F29: =IF((ዕቁብ!G31/ቦኖ!$C$4>0),1,0) -> 1 | G29: =IF((ዕቁብ!H31/ቦኖ!$C$4>0),1,0) -> 1 | H29: =IF((ዕቁብ!I31/ቦኖ!$C$4>0),1,0) -> 1 | I29: =IF((ዕቁብ!J31/ቦኖ!$C$4>0),1,0) -> 1 | J29: =IF((ዕቁብ!K31/ቦኖ!$C$4>0),1,0) -> 1 | K29: =IF((ዕቁብ!L31/ቦኖ!$C$4>0),1,0) -> 1 | ... DQ29: =IF((ዕቁብ!DR31/ቦኖ!$C$4>0),1,0) -> 0
A30: =ዕቁብ!A32 -> 26 | B30: =ዕቁብ!B32 -> ፈትለወርቅ ታደሰ | C30: =ዕቁብ!C32 -> 21000 | D30: =IF((ዕቁብ!E32/ቦኖ!$C$4>0),1,0) -> 1 | E30: =IF((ዕቁብ!F32/ቦኖ!$C$4>0),1,0) -> 1 | F30: =IF((ዕቁብ!G32/ቦኖ!$C$4>0),1,0) -> 1 | G30: =IF((ዕቁብ!H32/ቦኖ!$C$4>0),1,0) -> 1 | H30: =IF((ዕቁብ!I32/ቦኖ!$C$4>0),1,0) -> 1 | I30: =IF((ዕቁብ!J32/ቦኖ!$C$4>0),1,0) -> 1 | J30: =IF((ዕቁብ!K32/ቦኖ!$C$4>0),1,0) -> 1 | K30: =IF((ዕቁብ!L32/ቦኖ!$C$4>0),1,0) -> 1 | ... DQ30: =IF((ዕቁብ!DR32/ቦኖ!$C$4>0),1,0) -> 0
A31: =ዕቁብ!A33 -> 27 | B31: =ዕቁብ!B33 -> አንተነህ ግዛዉ | C31: =ዕቁብ!C33 -> 21000 | D31: =IF((ዕቁብ!E33/ቦኖ!$C$4>0),1,0) -> 1 | E31: =IF((ዕቁብ!F33/ቦኖ!$C$4>0),1,0) -> 1 | F31: =IF((ዕቁብ!G33/ቦኖ!$C$4>0),1,0) -> 1 | G31: =IF((ዕቁብ!H33/ቦኖ!$C$4>0),1,0) -> 1 | H31: =IF((ዕቁብ!I33/ቦኖ!$C$4>0),1,0) -> 1 | I31: =IF((ዕቁብ!J33/ቦኖ!$C$4>0),1,0) -> 1 | J31: =IF((ዕቁብ!K33/ቦኖ!$C$4>0),1,0) -> 1 | K31: =IF((ዕቁብ!L33/ቦኖ!$C$4>0),1,0) -> 1 | ... DQ31: =IF((ዕቁብ!DR33/ቦኖ!$C$4>0),1,0) -> 0
A32: =ዕቁብ!A34 -> 28 | B32: =ዕቁብ!B34 -> ግርማ አበበ | C32: =ዕቁብ!C34 -> 21000 | D32: =IF((ዕቁብ!E34/ቦኖ!$C$4>0),1,0) -> 0 | E32: =IF((ዕቁብ!F34/ቦኖ!$C$4>0),1,0) -> 0 | F32: =IF((ዕቁብ!G34/ቦኖ!$C$4>0),1,0) -> 0 | G32: =IF((ዕቁብ!H34/ቦኖ!$C$4>0),1,0) -> 0 | H32: =IF((ዕቁብ!I34/ቦኖ!$C$4>0),1,0) -> 0 | I32: =IF((ዕቁብ!J34/ቦኖ!$C$4>0),1,0) -> 0 | J32: =IF((ዕቁብ!K34/ቦኖ!$C$4>0),1,0) -> 0 | K32: =IF((ዕቁብ!L34/ቦኖ!$C$4>0),1,0) -> 0 | ... DQ32: =IF((ዕቁብ!DR34/ቦኖ!$C$4>0),1,0) -> 0
A33: =ዕቁብ!A35 -> 29 | B33: =ዕቁብ!B35 -> መስፍን መንግስቱ | C33: =ዕቁብ!C35 -> 21000 | D33: =IF((ዕቁብ!E35/ቦኖ!$C$4>0),1,0) -> 1 | E33: =IF((ዕቁብ!F35/ቦኖ!$C$4>0),1,0) -> 1 | F33: =IF((ዕቁብ!G35/ቦኖ!$C$4>0),1,0) -> 1 | G33: =IF((ዕቁብ!H35/ቦኖ!$C$4>0),1,0) -> 1 | H33: =IF((ዕቁብ!I35/ቦኖ!$C$4>0),1,0) -> 1 | I33: =IF((ዕቁብ!J35/ቦኖ!$C$4>0),1,0) -> 1 | J33: =IF((ዕቁብ!K35/ቦኖ!$C$4>0),1,0) -> 1 | K33: =IF((ዕቁብ!L35/ቦኖ!$C$4>0),1,0) -> 1 | ... DQ33: =IF((ዕቁብ!DR35/ቦኖ!$C$4>0),1,0) -> 0
A34: =ዕቁብ!A36 -> 30 | B34: =ዕቁብ!B36 -> እሱባለው ስለሺ | C34: =ዕቁብ!C36 -> 21000 | D34: =IF((ዕቁብ!E36/ቦኖ!$C$4>0),1,0) -> 1 | E34: =IF((ዕቁብ!F36/ቦኖ!$C$4>0),1,0) -> 1 | F34: =IF((ዕቁብ!G36/ቦኖ!$C$4>0),1,0) -> 1 | G34: =IF((ዕቁብ!H36/ቦኖ!$C$4>0),1,0) -> 1 | H34: =IF((ዕቁብ!I36/ቦኖ!$C$4>0),1,0) -> 1 | I34: =IF((ዕቁብ!J36/ቦኖ!$C$4>0),1,0) -> 1 | J34: =IF((ዕቁብ!K36/ቦኖ!$C$4>0),1,0) -> 1 | K34: =IF((ዕቁብ!L36/ቦኖ!$C$4>0),1,0) -> 1 | ... DQ34: =IF((ዕቁብ!DR36/ቦኖ!$C$4>0),1,0) -> 0
A35: =ዕቁብ!A37 -> 31 | B35: =ዕቁብ!B37 -> ከፈለኝ ፃዲቁ | C35: =ዕቁብ!C37 -> 21000 | D35: =IF((ዕቁብ!E37/ቦኖ!$C$4>0),1,0) -> 0 | E35: =IF((ዕቁብ!F37/ቦኖ!$C$4>0),1,0) -> 0 | F35: =IF((ዕቁብ!G37/ቦኖ!$C$4>0),1,0) -> 0 | G35: =IF((ዕቁብ!H37/ቦኖ!$C$4>0),1,0) -> 0 | H35: =IF((ዕቁብ!I37/ቦኖ!$C$4>0),1,0) -> 0 | I35: =IF((ዕቁብ!J37/ቦኖ!$C$4>0),1,0) -> 0 | J35: =IF((ዕቁብ!K37/ቦኖ!$C$4>0),1,0) -> 0 | K35: =IF((ዕቁብ!L37/ቦኖ!$C$4>0),1,0) -> 0 | ... DQ35: =IF((ዕቁብ!DR37/ቦኖ!$C$4>0),1,0) -> 0
... A97: =ዕቁብ!A99 -> 93 | B97: =ዕቁብ!B99 -> እንግዳ ካሳዬ | C97: =ዕቁብ!C99 -> 21000 | D97: =IF((ዕቁብ!E99/ቦኖ!$C$4>0),1,0) -> 1 | E97: =IF((ዕቁብ!F99/ቦኖ!$C$4>0),1,0) -> 1 | F97: =IF((ዕቁብ!G99/ቦኖ!$C$4>0),1,0) -> 1 | G97: =IF((ዕቁብ!H99/ቦኖ!$C$4>0),1,0) -> 1 | H97: =IF((ዕቁብ!I99/ቦኖ!$C$4>0),1,0) -> 1 | I97: =IF((ዕቁብ!J99/ቦኖ!$C$4>0),1,0) -> 1 | J97: =IF((ዕቁብ!K99/ቦኖ!$C$4>0),1,0) -> 1 | K97: =IF((ዕቁብ!L99/ቦኖ!$C$4>0),1,0) -> 1 | ... DQ97: =IF((ዕቁብ!DR99/ቦኖ!$C$4>0),1,0) -> 0
A98: =ዕቁብ!A100 -> 94 | B98: =ዕቁብ!B100 -> ዬሐንስ ከበደ | C98: =ዕቁብ!C100 -> 10500 | D98: =IF((ዕቁብ!E100/ቦኖ!$C$4>0),(1/2),0) -> 0.5 | E98: =IF((ዕቁብ!F100/ቦኖ!$C$4>0),(1/2),0) -> 0.5 | F98: =IF((ዕቁብ!G100/ቦኖ!$C$4>0),(1/2),0) -> 0.5 | G98: =IF((ዕቁብ!H100/ቦኖ!$C$4>0),(1/2),0) -> 0.5 | H98: =IF((ዕቁብ!I100/ቦኖ!$C$4>0),(1/2),0) -> 0.5 | I98: =IF((ዕቁብ!J100/ቦኖ!$C$4>0),(1/2),0) -> 0.5 | J98: =IF((ዕቁብ!K100/ቦኖ!$C$4>0),(1/2),0) -> 0.5 | K98: =IF((ዕቁብ!L100/ቦኖ!$C$4>0),(1/2),0) -> 0.5 | ... DQ98: =IF((ዕቁብ!DR100/ቦኖ!$C$4>0),(1/2),0) -> 0
A99: =ዕቁብ!A101 -> 94 | B99: =ዕቁብ!B101 -> እያሱ ዎታንጎ | C99: =ዕቁብ!C101 -> 10500 | D99: =IF((ዕቁብ!E101/ቦኖ!$C$4>0),(1/2),0) -> 0.5 | E99: =IF((ዕቁብ!F101/ቦኖ!$C$4>0),(1/2),0) -> 0.5 | F99: =IF((ዕቁብ!G101/ቦኖ!$C$4>0),(1/2),0) -> 0.5 | G99: =IF((ዕቁብ!H101/ቦኖ!$C$4>0),(1/2),0) -> 0.5 | H99: =IF((ዕቁብ!I101/ቦኖ!$C$4>0),(1/2),0) -> 0.5 | I99: =IF((ዕቁብ!J101/ቦኖ!$C$4>0),(1/2),0) -> 0.5 | J99: =IF((ዕቁብ!K101/ቦኖ!$C$4>0),(1/2),0) -> 0.5 | K99: =IF((ዕቁብ!L101/ቦኖ!$C$4>0),(1/2),0) -> 0.5 | ... DQ99: =IF((ዕቁብ!DR101/ቦኖ!$C$4>0),(1/2),0) -> 0
A100: =ዕቁብ!A102 -> 95 | B100: =ዕቁብ!B102 -> ዳናዋ ደምሴ | C100: =ዕቁብ!C102 -> 10500 | D100: =IF((ዕቁብ!E102/ቦኖ!$C$4>0),(1/2),0) -> 0.5 | E100: =IF((ዕቁብ!F102/ቦኖ!$C$4>0),(1/2),0) -> 0.5 | F100: =IF((ዕቁብ!G102/ቦኖ!$C$4>0),(1/2),0) -> 0.5 | G100: =IF((ዕቁብ!H102/ቦኖ!$C$4>0),(1/2),0) -> 0.5 | H100: =IF((ዕቁብ!I102/ቦኖ!$C$4>0),(1/2),0) -> 0.5 | I100: =IF((ዕቁብ!J102/ቦኖ!$C$4>0),(1/2),0) -> 0.5 | J100: =IF((ዕቁብ!K102/ቦኖ!$C$4>0),(1/2),0) -> 0.5 | K100: =IF((ዕቁብ!L102/ቦኖ!$C$4>0),(1/2),0) -> 0.5 | ... DQ100: =IF((ዕቁብ!DR102/ቦኖ!$C$4>0),(1/2),0) -> 0
A101: =ዕቁብ!A103 -> 95 | B101: =ዕቁብ!B103 -> ዶክተር ጠቃ | C101: =ዕቁብ!C103 -> 10500 | D101: =IF((ዕቁብ!E103/ቦኖ!$C$4>0),(1/2),0) -> 0.5 | E101: =IF((ዕቁብ!F103/ቦኖ!$C$4>0),(1/2),0) -> 0.5 | F101: =IF((ዕቁብ!G103/ቦኖ!$C$4>0),(1/2),0) -> 0.5 | G101: =IF((ዕቁብ!H103/ቦኖ!$C$4>0),(1/2),0) -> 0.5 | H101: =IF((ዕቁብ!I103/ቦኖ!$C$4>0),(1/2),0) -> 0.5 | I101: =IF((ዕቁብ!J103/ቦኖ!$C$4>0),(1/2),0) -> 0.5 | J101: =IF((ዕቁብ!K103/ቦኖ!$C$4>0),(1/2),0) -> 0.5 | K101: =IF((ዕቁብ!L103/ቦኖ!$C$4>0),(1/2),0) -> 0.5 | ... DQ101: =IF((ዕቁብ!DR103/ቦኖ!$C$4>0),(1/2),0) -> 0
A102: =ዕቁብ!A104 -> 96 | B102: =ዕቁብ!B104 -> ታሪኩ ካርሎስ | C102: =ዕቁብ!C104 -> 10500 | D102: =IF((ዕቁብ!E104/ቦኖ!$C$4>0),(1/2),0) -> 0.5 | E102: =IF((ዕቁብ!F104/ቦኖ!$C$4>0),(1/2),0) -> 0.5 | F102: =IF((ዕቁብ!G104/ቦኖ!$C$4>0),(1/2),0) -> 0.5 | G102: =IF((ዕቁብ!H104/ቦኖ!$C$4>0),(1/2),0) -> 0.5 | H102: =IF((ዕቁብ!I104/ቦኖ!$C$4>0),(1/2),0) -> 0.5 | I102: =IF((ዕቁብ!J104/ቦኖ!$C$4>0),(1/2),0) -> 0.5 | J102: =IF((ዕቁብ!K104/ቦኖ!$C$4>0),(1/2),0) -> 0.5 | K102: =IF((ዕቁብ!L104/ቦኖ!$C$4>0),(1/2),0) -> 0.5 | ... DQ102: =IF((ዕቁብ!DR104/ቦኖ!$C$4>0),(1/2),0) -> 0
A103: =ዕቁብ!A105 -> 96 | B103: =ዕቁብ!B105 -> እንግዳ ካሳዬ | C103: =ዕቁብ!C105 -> 10500 | D103: =IF((ዕቁብ!E105/ቦኖ!$C$4>0),(1/2),0) -> 0.5 | E103: =IF((ዕቁብ!F105/ቦኖ!$C$4>0),(1/2),0) -> 0.5 | F103: =IF((ዕቁብ!G105/ቦኖ!$C$4>0),(1/2),0) -> 0.5 | G103: =IF((ዕቁብ!H105/ቦኖ!$C$4>0),(1/2),0) -> 0.5 | H103: =IF((ዕቁብ!I105/ቦኖ!$C$4>0),(1/2),0) -> 0.5 | I103: =IF((ዕቁብ!J105/ቦኖ!$C$4>0),(1/2),0) -> 0.5 | J103: =IF((ዕቁብ!K105/ቦኖ!$C$4>0),(1/2),0) -> 0.5 | K103: =IF((ዕቁብ!L105/ቦኖ!$C$4>0),(1/2),0) -> 0.5 | ... DQ103: =IF((ዕቁብ!DR105/ቦኖ!$C$4>0),(1/2),0) -> 0
A104: =ዕቁብ!A106 -> 97 | B104: =ዕቁብ!B106 -> ሙሄድን አህመድ | C104: =ዕቁብ!C106 -> 10500 | D104: =IF((ዕቁብ!E106/ቦኖ!$C$4>0),(1/2),0) -> 0.5 | E104: =IF((ዕቁብ!F106/ቦኖ!$C$4>0),(1/2),0) -> 0.5 | F104: =IF((ዕቁብ!G106/ቦኖ!$C$4>0),(1/2),0) -> 0.5 | G104: =IF((ዕቁብ!H106/ቦኖ!$C$4>0),(1/2),0) -> 0.5 | H104: =IF((ዕቁብ!I106/ቦኖ!$C$4>0),(1/2),0) -> 0.5 | I104: =IF((ዕቁብ!J106/ቦኖ!$C$4>0),(1/2),0) -> 0.5 | J104: =IF((ዕቁብ!K106/ቦኖ!$C$4>0),(1/2),0) -> 0.5 | K104: =IF((ዕቁብ!L106/ቦኖ!$C$4>0),(1/2),0) -> 0.5 | ... DQ104: =IF((ዕቁብ!DR106/ቦኖ!$C$4>0),(1/2),0) -> 0
A105: =ዕቁብ!A107 -> 97 | B105: =ዕቁብ!B107 -> እዮብ ደርቤ | C105: =ዕቁብ!C107 -> 10500 | D105: =IF((ዕቁብ!E107/ቦኖ!$C$4>0),(1/2),0) -> 0.5 | E105: =IF((ዕቁብ!F107/ቦኖ!$C$4>0),(1/2),0) -> 0.5 | F105: =IF((ዕቁብ!G107/ቦኖ!$C$4>0),(1/2),0) -> 0.5 | G105: =IF((ዕቁብ!H107/ቦኖ!$C$4>0),(1/2),0) -> 0.5 | H105: =IF((ዕቁብ!I107/ቦኖ!$C$4>0),(1/2),0) -> 0.5 | I105: =IF((ዕቁብ!J107/ቦኖ!$C$4>0),(1/2),0) -> 0.5 | J105: =IF((ዕቁብ!K107/ቦኖ!$C$4>0),(1/2),0) -> 0.5 | K105: =IF((ዕቁብ!L107/ቦኖ!$C$4>0),(1/2),0) -> 0.5 | ... DQ105: =IF((ዕቁብ!DR107/ቦኖ!$C$4>0),(1/2),0) -> 0
A106: =ዕቁብ!A108 -> 98 | B106: =ዕቁብ!B108 -> ኢትዮጽያ አንዳርጌ | C106: =ዕቁብ!C108 -> 10500 | D106: =IF((ዕቁብ!E108/ቦኖ!$C$4>0),(1/2),0) -> 0.5 | E106: =IF((ዕቁብ!F108/ቦኖ!$C$4>0),(1/2),0) -> 0.5 | F106: =IF((ዕቁብ!G108/ቦኖ!$C$4>0),(1/2),0) -> 0.5 | G106: =IF((ዕቁብ!H108/ቦኖ!$C$4>0),(1/2),0) -> 0.5 | H106: =IF((ዕቁብ!I108/ቦኖ!$C$4>0),(1/2),0) -> 0.5 | I106: =IF((ዕቁብ!J108/ቦኖ!$C$4>0),(1/2),0) -> 0.5 | J106: =IF((ዕቁብ!K108/ቦኖ!$C$4>0),(1/2),0) -> 0.5 | K106: =IF((ዕቁብ!L108/ቦኖ!$C$4>0),(1/2),0) -> 0.5 | ... DQ106: =IF((ዕቁብ!DR108/ቦኖ!$C$4>0),(1/2),0) -> 0
A107: =ዕቁብ!A109 -> 98 | B107: =ዕቁብ!B109 -> ፀጋዬ ቡጤ | C107: =ዕቁብ!C109 -> 10500 | D107: =IF((ዕቁብ!E109/ቦኖ!$C$4>0),(1/2),0) -> 0.5 | E107: =IF((ዕቁብ!F109/ቦኖ!$C$4>0),(1/2),0) -> 0.5 | F107: =IF((ዕቁብ!G109/ቦኖ!$C$4>0),(1/2),0) -> 0.5 | G107: =IF((ዕቁብ!H109/ቦኖ!$C$4>0),(1/2),0) -> 0.5 | H107: =IF((ዕቁብ!I109/ቦኖ!$C$4>0),(1/2),0) -> 0.5 | I107: =IF((ዕቁብ!J109/ቦኖ!$C$4>0),(1/2),0) -> 0.5 | J107: =IF((ዕቁብ!K109/ቦኖ!$C$4>0),(1/2),0) -> 0.5 | K107: =IF((ዕቁብ!L109/ቦኖ!$C$4>0),(1/2),0) -> 0.5 | ... DQ107: =IF((ዕቁብ!DR109/ቦኖ!$C$4>0),(1/2),0) -> 0
A108: =ዕቁብ!A110 -> 99 | B108: =ዕቁብ!B110 -> መኮንን ሰኬሎ | C108: =ዕቁብ!C110 -> 10500 | D108: =IF((ዕቁብ!E110/ቦኖ!$C$4>0),(1/2),0) -> 0.5 | E108: =IF((ዕቁብ!F110/ቦኖ!$C$4>0),(1/2),0) -> 0.5 | F108: =IF((ዕቁብ!G110/ቦኖ!$C$4>0),(1/2),0) -> 0.5 | G108: =IF((ዕቁብ!H110/ቦኖ!$C$4>0),(1/2),0) -> 0.5 | H108: =IF((ዕቁብ!I110/ቦኖ!$C$4>0),(1/2),0) -> 0.5 | I108: =IF((ዕቁብ!J110/ቦኖ!$C$4>0),(1/2),0) -> 0.5 | J108: =IF((ዕቁብ!K110/ቦኖ!$C$4>0),(1/2),0) -> 0.5 | K108: =IF((ዕቁብ!L110/ቦኖ!$C$4>0),(1/2),0) -> 0.5 | ... DQ108: =IF((ዕቁብ!DR110/ቦኖ!$C$4>0),(1/2),0) -> 0
A109: =ዕቁብ!A111 -> 99 | B109: =ዕቁብ!B111 -> ፍቃዱ ባልቻ | C109: =ዕቁብ!C111 -> 10500 | D109: =IF((ዕቁብ!E111/ቦኖ!$C$4>0),(1/2),0) -> 0.5 | E109: =IF((ዕቁብ!F111/ቦኖ!$C$4>0),(1/2),0) -> 0 | F109: =IF((ዕቁብ!G111/ቦኖ!$C$4>0),(1/2),0) -> 0 | G109: =IF((ዕቁብ!H111/ቦኖ!$C$4>0),(1/2),0) -> 0 | H109: =IF((ዕቁብ!I111/ቦኖ!$C$4>0),(1/2),0) -> 0 | I109: =IF((ዕቁብ!J111/ቦኖ!$C$4>0),(1/2),0) -> 0 | J109: =IF((ዕቁብ!K111/ቦኖ!$C$4>0),(1/2),0) -> 0 | K109: =IF((ዕቁብ!L111/ቦኖ!$C$4>0),(1/2),0) -> 0 | ... DQ109: =IF((ዕቁብ!DR111/ቦኖ!$C$4>0),(1/2),0) -> 0
... A113: =ዕቁብ!A115 -> 101 | B113: =ዕቁብ!B115 -> ስካሬ ደጋጋ | C113: =ዕቁብ!C115 -> 10500 | D113: =IF((ዕቁብ!E115/ቦኖ!$C$4>0),(1/2),0) -> 0.5 | E113: =IF((ዕቁብ!F115/ቦኖ!$C$4>0),(1/2),0) -> 0.5 | F113: =IF((ዕቁብ!G115/ቦኖ!$C$4>0),(1/2),0) -> 0.5 | G113: =IF((ዕቁብ!H115/ቦኖ!$C$4>0),(1/2),0) -> 0.5 | H113: =IF((ዕቁብ!I115/ቦኖ!$C$4>0),(1/2),0) -> 0.5 | I113: =IF((ዕቁብ!J115/ቦኖ!$C$4>0),(1/2),0) -> 0.5 | J113: =IF((ዕቁብ!K115/ቦኖ!$C$4>0),(1/2),0) -> 0.5 | K113: =IF((ዕቁብ!L115/ቦኖ!$C$4>0),(1/2),0) -> 0.5 | ... DQ113: =IF((ዕቁብ!DR115/ቦኖ!$C$4>0),(1/2),0) -> 0
A114: =ዕቁብ!A116 -> 102 | B114: =ዕቁብ!B116 -> ዳንኤል ጎሌ | C114: =ዕቁብ!C116 -> 21000 | D114: =IF((ዕቁብ!E116/ቦኖ!$C$4>0),1,0) -> 1 | E114: =IF((ዕቁብ!F116/ቦኖ!$C$4>0),1,0) -> 1 | F114: =IF((ዕቁብ!G116/ቦኖ!$C$4>0),1,0) -> 1 | G114: =IF((ዕቁብ!H116/ቦኖ!$C$4>0),1,0) -> 1 | H114: =IF((ዕቁብ!I116/ቦኖ!$C$4>0),1,0) -> 1 | I114: =IF((ዕቁብ!J116/ቦኖ!$C$4>0),1,0) -> 1 | J114: =IF((ዕቁብ!K116/ቦኖ!$C$4>0),1,0) -> 1 | K114: =IF((ዕቁብ!L116/ቦኖ!$C$4>0),1,0) -> 1 | ... DQ114: =IF((ዕቁብ!DR116/ቦኖ!$C$4>0),1,0) -> 0
A115: =ዕቁብ!A117 -> 103 | B115: =ዕቁብ!B117 -> ወንድሙ ስንታየሁ | C115: =ዕቁብ!C117 -> 10500 | D115: =IF((ዕቁብ!E117/ቦኖ!$C$4>0),(1/2),0) -> 0.5 | E115: =IF((ዕቁብ!F117/ቦኖ!$C$4>0),(1/2),0) -> 0.5 | F115: =IF((ዕቁብ!G117/ቦኖ!$C$4>0),(1/2),0) -> 0.5 | G115: =IF((ዕቁብ!H117/ቦኖ!$C$4>0),(1/2),0) -> 0.5 | H115: =IF((ዕቁብ!I117/ቦኖ!$C$4>0),(1/2),0) -> 0.5 | I115: =IF((ዕቁብ!J117/ቦኖ!$C$4>0),(1/2),0) -> 0.5 | J115: =IF((ዕቁብ!K117/ቦኖ!$C$4>0),(1/2),0) -> 0.5 | K115: =IF((ዕቁብ!L117/ቦኖ!$C$4>0),(1/2),0) -> 0.5 | ... DQ115: =IF((ዕቁብ!DR117/ቦኖ!$C$4>0),(1/2),0) -> 0
A116: =ዕቁብ!A118 -> 103 | B116: =ዕቁብ!B118 -> አንበሴ ማናዩ | C116: =ዕቁብ!C118 -> 10500 | D116: =IF((ዕቁብ!E118/ቦኖ!$C$4>0),(1/2),0) -> 0.5 | E116: =IF((ዕቁብ!F118/ቦኖ!$C$4>0),(1/2),0) -> 0.5 | F116: =IF((ዕቁብ!G118/ቦኖ!$C$4>0),(1/2),0) -> 0.5 | G116: =IF((ዕቁብ!H118/ቦኖ!$C$4>0),(1/2),0) -> 0.5 | H116: =IF((ዕቁብ!I118/ቦኖ!$C$4>0),(1/2),0) -> 0.5 | I116: =IF((ዕቁብ!J118/ቦኖ!$C$4>0),(1/2),0) -> 0.5 | J116: =IF((ዕቁብ!K118/ቦኖ!$C$4>0),(1/2),0) -> 0.5 | K116: =IF((ዕቁብ!L118/ቦኖ!$C$4>0),(1/2),0) -> 0.5 | ... DQ116: =IF((ዕቁብ!DR118/ቦኖ!$C$4>0),(1/2),0) -> 0
A117: =ዕቁብ!A119 -> 104 | B117: =ዕቁብ!B119 -> ሴም ገብራይ | C117: =ዕቁብ!C119 -> 10500 | D117: =IF((ዕቁብ!E119/ቦኖ!$C$4>0),(1/2),0) -> 0.5 | E117: =IF((ዕቁብ!F119/ቦኖ!$C$4>0),(1/2),0) -> 0.5 | F117: =IF((ዕቁብ!G119/ቦኖ!$C$4>0),(1/2),0) -> 0.5 | G117: =IF((ዕቁብ!H119/ቦኖ!$C$4>0),(1/2),0) -> 0.5 | H117: =IF((ዕቁብ!I119/ቦኖ!$C$4>0),(1/2),0) -> 0.5 | I117: =IF((ዕቁብ!J119/ቦኖ!$C$4>0),(1/2),0) -> 0.5 | J117: =IF((ዕቁብ!K119/ቦኖ!$C$4>0),(1/2),0) -> 0.5 | K117: =IF((ዕቁብ!L119/ቦኖ!$C$4>0),(1/2),0) -> 0.5 | ... DQ117: =IF((ዕቁብ!DR119/ቦኖ!$C$4>0),(1/2),0) -> 0
A118: =ዕቁብ!A120 -> 104 | B118: =ዕቁብ!B120 -> ሙሉአባይ መለሰ | C118: =ዕቁብ!C120 -> 10500 | D118: =IF((ዕቁብ!E120/ቦኖ!$C$4>0),(1/2),0) -> 0.5 | E118: =IF((ዕቁብ!F120/ቦኖ!$C$4>0),(1/2),0) -> 0.5 | F118: =IF((ዕቁብ!G120/ቦኖ!$C$4>0),(1/2),0) -> 0.5 | G118: =IF((ዕቁብ!H120/ቦኖ!$C$4>0),(1/2),0) -> 0.5 | H118: =IF((ዕቁብ!I120/ቦኖ!$C$4>0),(1/2),0) -> 0.5 | I118: =IF((ዕቁብ!J120/ቦኖ!$C$4>0),(1/2),0) -> 0.5 | J118: =IF((ዕቁብ!K120/ቦኖ!$C$4>0),(1/2),0) -> 0.5 | K118: =IF((ዕቁብ!L120/ቦኖ!$C$4>0),(1/2),0) -> 0.5 | ... DQ118: =IF((ዕቁብ!DR120/ቦኖ!$C$4>0),(1/2),0) -> 0
A119: =ዕቁብ!A121 -> 105 | B119: =ዕቁብ!B121 -> ደስታ ቶሎሳ | C119: =ዕቁብ!C121 -> 10500 | D119: =IF((ዕቁብ!E121/ቦኖ!$C$4>0),(1/2),0) -> 0.5 | E119: =IF((ዕቁብ!F121/ቦኖ!$C$4>0),(1/2),0) -> 0.5 | F119: =IF((ዕቁብ!G121/ቦኖ!$C$4>0),(1/2),0) -> 0.5 | G119: =IF((ዕቁብ!H121/ቦኖ!$C$4>0),(1/2),0) -> 0.5 | H119: =IF((ዕቁብ!I121/ቦኖ!$C$4>0),(1/2),0) -> 0.5 | I119: =IF((ዕቁብ!J121/ቦኖ!$C$4>0),(1/2),0) -> 0.5 | J119: =IF((ዕቁብ!K121/ቦኖ!$C$4>0),(1/2),0) -> 0.5 | K119: =IF((ዕቁብ!L121/ቦኖ!$C$4>0),(1/2),0) -> 0.5 | ... DQ119: =IF((ዕቁብ!DR121/ቦኖ!$C$4>0),(1/2),0) -> 0
A120: =ዕቁብ!A122 -> 105 | B120: =ዕቁብ!B122 -> ኤልያስ አቢባ | C120: =ዕቁብ!C122 -> 10500 | D120: =IF((ዕቁብ!E122/ቦኖ!$C$4>0),(1/2),0) -> 0.5 | E120: =IF((ዕቁብ!F122/ቦኖ!$C$4>0),(1/2),0) -> 0.5 | F120: =IF((ዕቁብ!G122/ቦኖ!$C$4>0),(1/2),0) -> 0.5 | G120: =IF((ዕቁብ!H122/ቦኖ!$C$4>0),(1/2),0) -> 0.5 | H120: =IF((ዕቁብ!I122/ቦኖ!$C$4>0),(1/2),0) -> 0.5 | I120: =IF((ዕቁብ!J122/ቦኖ!$C$4>0),(1/2),0) -> 0.5 | J120: =IF((ዕቁብ!K122/ቦኖ!$C$4>0),(1/2),0) -> 0.5 | K120: =IF((ዕቁብ!L122/ቦኖ!$C$4>0),(1/2),0) -> 0.5 | ... DQ120: =IF((ዕቁብ!DR122/ቦኖ!$C$4>0),(1/2),0) -> 0
A121: =ዕቁብ!A123 -> 106 | B121: =ዕቁብ!B123 -> ዮሴፍ ዮናስ | C121: =ዕቁብ!C123 -> 10500 | D121: =IF((ዕቁብ!E123/ቦኖ!$C$4>0),(1/2),0) -> 0.5 | E121: =IF((ዕቁብ!F123/ቦኖ!$C$4>0),(1/2),0) -> 0.5 | F121: =IF((ዕቁብ!G123/ቦኖ!$C$4>0),(1/2),0) -> 0.5 | G121: =IF((ዕቁብ!H123/ቦኖ!$C$4>0),(1/2),0) -> 0.5 | H121: =IF((ዕቁብ!I123/ቦኖ!$C$4>0),(1/2),0) -> 0.5 | I121: =IF((ዕቁብ!J123/ቦኖ!$C$4>0),(1/2),0) -> 0.5 | J121: =IF((ዕቁብ!K123/ቦኖ!$C$4>0),(1/2),0) -> 0.5 | K121: =IF((ዕቁብ!L123/ቦኖ!$C$4>0),(1/2),0) -> 0.5 | ... DQ121: =IF((ዕቁብ!DR123/ቦኖ!$C$4>0),(1/2),0) -> 0
A122: =ዕቁብ!A124 -> 106 | B122: =ዕቁብ!B124 -> ሙሉ ቶማስ | C122: =ዕቁብ!C124 -> 10500 | D122: =IF((ዕቁብ!E124/ቦኖ!$C$4>0),(1/2),0) -> 0.5 | E122: =IF((ዕቁብ!F124/ቦኖ!$C$4>0),(1/2),0) -> 0.5 | F122: =IF((ዕቁብ!G124/ቦኖ!$C$4>0),(1/2),0) -> 0.5 | G122: =IF((ዕቁብ!H124/ቦኖ!$C$4>0),(1/2),0) -> 0.5 | H122: =IF((ዕቁብ!I124/ቦኖ!$C$4>0),(1/2),0) -> 0.5 | I122: =IF((ዕቁብ!J124/ቦኖ!$C$4>0),(1/2),0) -> 0.5 | J122: =IF((ዕቁብ!K124/ቦኖ!$C$4>0),(1/2),0) -> 0.5 | K122: =IF((ዕቁብ!L124/ቦኖ!$C$4>0),(1/2),0) -> 0.5 | ... DQ122: =IF((ዕቁብ!DR124/ቦኖ!$C$4>0),(1/2),0) -> 0
A123: =ዕቁብ!A125 -> 107 | B123: =ዕቁብ!B125 -> ፀጋዩ ጀምበሬ | C123: =ዕቁብ!C125 -> 10500 | D123: =IF((ዕቁብ!E125/ቦኖ!$C$4>0),(1/2),0) -> 0.5 | E123: =IF((ዕቁብ!F125/ቦኖ!$C$4>0),(1/2),0) -> 0.5 | F123: =IF((ዕቁብ!G125/ቦኖ!$C$4>0),(1/2),0) -> 0.5 | G123: =IF((ዕቁብ!H125/ቦኖ!$C$4>0),(1/2),0) -> 0.5 | H123: =IF((ዕቁብ!I125/ቦኖ!$C$4>0),(1/2),0) -> 0.5 | I123: =IF((ዕቁብ!J125/ቦኖ!$C$4>0),(1/2),0) -> 0.5 | J123: =IF((ዕቁብ!K125/ቦኖ!$C$4>0),(1/2),0) -> 0.5 | K123: =IF((ዕቁብ!L125/ቦኖ!$C$4>0),(1/2),0) -> 0.5 | ... DQ123: =IF((ዕቁብ!DR125/ቦኖ!$C$4>0),(1/2),0) -> 0
A124: =ዕቁብ!A126 -> 107 | B124: =ዕቁብ!B126 -> አለማየሁ ዳንኤል | C124: =ዕቁብ!C126 -> 10500 | D124: =IF((ዕቁብ!E126/ቦኖ!$C$4>0),(1/2),0) -> 0.5 | E124: =IF((ዕቁብ!F126/ቦኖ!$C$4>0),(1/2),0) -> 0.5 | F124: =IF((ዕቁብ!G126/ቦኖ!$C$4>0),(1/2),0) -> 0.5 | G124: =IF((ዕቁብ!H126/ቦኖ!$C$4>0),(1/2),0) -> 0.5 | H124: =IF((ዕቁብ!I126/ቦኖ!$C$4>0),(1/2),0) -> 0.5 | I124: =IF((ዕቁብ!J126/ቦኖ!$C$4>0),(1/2),0) -> 0.5 | J124: =IF((ዕቁብ!K126/ቦኖ!$C$4>0),(1/2),0) -> 0.5 | K124: =IF((ዕቁብ!L126/ቦኖ!$C$4>0),(1/2),0) -> 0.5 | ... DQ124: =IF((ዕቁብ!DR126/ቦኖ!$C$4>0),(1/2),0) -> 0
A125: =ዕቁብ!A127 -> 108 | B125: =ዕቁብ!B127 -> ጀማል ኢብራይም | C125: =ዕቁብ!C127 -> 10500 | D125: =IF((ዕቁብ!E127/ቦኖ!$C$4>0),(1/2),0) -> 0.5 | E125: =IF((ዕቁብ!F127/ቦኖ!$C$4>0),(1/2),0) -> 0.5 | F125: =IF((ዕቁብ!G127/ቦኖ!$C$4>0),(1/2),0) -> 0.5 | G125: =IF((ዕቁብ!H127/ቦኖ!$C$4>0),(1/2),0) -> 0.5 | H125: =IF((ዕቁብ!I127/ቦኖ!$C$4>0),(1/2),0) -> 0.5 | I125: =IF((ዕቁብ!J127/ቦኖ!$C$4>0),(1/2),0) -> 0.5 | J125: =IF((ዕቁብ!K127/ቦኖ!$C$4>0),(1/2),0) -> 0.5 | K125: =IF((ዕቁብ!L127/ቦኖ!$C$4>0),(1/2),0) -> 0.5 | ... DQ125: =IF((ዕቁብ!DR127/ቦኖ!$C$4>0),(1/2),0) -> 0
A126: =ዕቁብ!A128 -> 108 | B126: =ዕቁብ!B128 -> ተሻለ አሰፋ | C126: =ዕቁብ!C128 -> 10500 | D126: =IF((ዕቁብ!E128/ቦኖ!$C$4>0),(1/2),0) -> 0.5 | E126: =IF((ዕቁብ!F128/ቦኖ!$C$4>0),(1/2),0) -> 0.5 | F126: =IF((ዕቁብ!G128/ቦኖ!$C$4>0),(1/2),0) -> 0.5 | G126: =IF((ዕቁብ!H128/ቦኖ!$C$4>0),(1/2),0) -> 0.5 | H126: =IF((ዕቁብ!I128/ቦኖ!$C$4>0),(1/2),0) -> 0.5 | I126: =IF((ዕቁብ!J128/ቦኖ!$C$4>0),(1/2),0) -> 0.5 | J126: =IF((ዕቁብ!K128/ቦኖ!$C$4>0),(1/2),0) -> 0.5 | K126: =IF((ዕቁብ!L128/ቦኖ!$C$4>0),(1/2),0) -> 0.5 | ... DQ126: =IF((ዕቁብ!DR128/ቦኖ!$C$4>0),(1/2),0) -> 0
... A136: =ዕቁብ!A138 -> 113 | B136: =ዕቁብ!B138 -> ሚልክያስ እዩኤል | C136: =ዕቁብ!C138 -> 10500 | D136: =IF((ዕቁብ!E138/ቦኖ!$C$4>0),(1/2),0) -> 0.5 | E136: =IF((ዕቁብ!F138/ቦኖ!$C$4>0),(1/2),0) -> 0.5 | F136: =IF((ዕቁብ!G138/ቦኖ!$C$4>0),(1/2),0) -> 0.5 | G136: =IF((ዕቁብ!H138/ቦኖ!$C$4>0),(1/2),0) -> 0.5 | H136: =IF((ዕቁብ!I138/ቦኖ!$C$4>0),(1/2),0) -> 0.5 | I136: =IF((ዕቁብ!J138/ቦኖ!$C$4>0),(1/2),0) -> 0.5 | J136: =IF((ዕቁብ!K138/ቦኖ!$C$4>0),(1/2),0) -> 0.5 | K136: =IF((ዕቁብ!L138/ቦኖ!$C$4>0),(1/2),0) -> 0.5 | ... DQ136: =IF((ዕቁብ!DR138/ቦኖ!$C$4>0),(1/2),0) -> 0
D137: =SUM(D4:D136) -> 107 | E137: =SUM(E4:E136) -> 106.5 | F137: =SUM(F4:F136) -> 106.5 | G137: =SUM(G4:G136) -> 106.5 | H137: =SUM(H4:H136) -> 106.5 | I137: =SUM(I4:I136) -> 106.5 | J137: =SUM(J4:J136) -> 106.5 | K137: =SUM(K4:K136) -> 106.5 | ... DQ137: =SUM(DQ4:DQ136) -> 0

Sheet Sheet4
A1: =ዕቁብ!A1 -> ዕጣ ቁጥር | B1: =ዕቁብ!B1 -> ስም | D1: =ዕቁብ!E1 -> 1 | E1: =ዕቁብ!F1 -> 2 | F1: =ዕቁብ!G1 -> 3 | G1: =ዕቁብ!H1 -> 4 | H1: =ዕቁብ!I1 -> 5 | I1: =ዕቁብ!J1 -> 6 | J1: =ዕቁብ!K1 -> 7 | K1: =ዕቁብ!L1 -> 8 | ... DQ1: =ዕቁብ!DR1 -> 118
C2: =ዕቁብ!C1 -> ክፍያ መጠን | D2: =ዕቁብ!E2 -> 44871 | E2: =ዕቁብ!F2 -> 44878 | F2: =ዕቁብ!G2 -> 44885 | G2: =ዕቁብ!H2 -> 44892 | H2: =ዕቁብ!I2 -> 44899 | I2: =ዕቁብ!J2 -> 44906 | J2: =ዕቁብ!K2 -> 44913 | K2: =ዕቁብ!L2 -> 44920 | ... DQ2: =ዕቁብ!DR2 -> 45690
A3: =ዕቁብ!A6 -> 1 | B3: =ዕቁብ!B6 -> መስፍን ሀ/ማሪያም | C3: =ዕቁብ!C6 -> 21000 | D3: =ዕቁብ!E6/Sheet4!$C3 -> 1 | E3: =ዕቁብ!F6/Sheet4!$C3 -> 1 | F3: =ዕቁብ!G6/Sheet4!$C3 -> 1 | G3: =ዕቁብ!H6/Sheet4!$C3 -> 1 | H3: =ዕቁብ!I6/Sheet4!$C3 -> 1 | I3: =ዕቁብ!J6/Sheet4!$C3 -> 1 | J3: =ዕቁብ!K6/Sheet4!$C3 -> 1 | K3: =ዕቁብ!L6/Sheet4!$C3 -> 1 | ... DQ3: =ዕቁብ!DR6/Sheet4!$C3 -> 0
A4: =ዕቁብ!A7 -> 2 | B4: =ዕቁብ!B7 -> ዓማኑኤል አላሮ | C4: =ዕቁብ!C7 -> 21000 | D4: =ዕቁብ!E7/Sheet4!$C4 -> 1 | E4: =ዕቁብ!F7/Sheet4!$C4 -> 1 | F4: =ዕቁብ!G7/Sheet4!$C4 -> 1 | G4: =ዕቁብ!H7/Sheet4!$C4 -> 1 | H4: =ዕቁብ!I7/Sheet4!$C4 -> 1 | I4: =ዕቁብ!J7/Sheet4!$C4 -> 1 | J4: =ዕቁብ!K7/Sheet4!$C4 -> 1 | K4: =ዕቁብ!L7/Sheet4!$C4 -> 1 | ... DQ4: =ዕቁብ!DR7/Sheet4!$C4 -> 0
A5: =ዕቁብ!A8 -> 3 | B5: =ዕቁብ!B8 -> ብርሃኑ ማሩ | C5: =ዕቁብ!C8 -> 21000 | D5: =ዕቁብ!E8/Sheet4!$C5 -> 1 | E5: =ዕቁብ!F8/Sheet4!$C5 -> 1 | F5: =ዕቁብ!G8/Sheet4!$C5 -> 1 | G5: =ዕቁብ!H8/Sheet4!$C5 -> 1 | H5: =ዕቁብ!I8/Sheet4!$C5 -> 1 | I5: =ዕቁብ!J8/Sheet4!$C5 -> 1 | J5: =ዕቁብ!K8/Sheet4!$C5 -> 1 | K5: =ዕቁብ!L8/Sheet4!$C5 -> 1 | ... DQ5: =ዕቁብ!DR8/Sheet4!$C5 -> 0
A6: =ዕቁብ!A9 -> 4 | B6: =ዕቁብ!B9 -> ከፈለኝ ፃዲቁ | C6: =ዕቁብ!C9 -> 21000 | D6: =ዕቁብ!E9/Sheet4!$C6 -> 0 | E6: =ዕቁብ!F9/Sheet4!$C6 -> 0 | F6: =ዕቁብ!G9/Sheet4!$C6 -> 0 | G6: =ዕቁብ!H9/Sheet4!$C6 -> 0 | H6: =ዕቁብ!I9/Sheet4!$C6 -> 0 | I6: =ዕቁብ!J9/Sheet4!$C6 -> 0 | J6: =ዕቁብ!K9/Sheet4!$C6 -> 0 | K6: =ዕቁብ!L9/Sheet4!$C6 -> 0 | ... DQ6: =ዕቁብ!DR9/Sheet4!$C6 -> 0
A7: =ዕቁብ!A10 -> 5 | B7: =ዕቁብ!B10 -> አስፈው ወርጂ | C7: =ዕቁብ!C10 -> 21000 | D7: =ዕቁብ!E10/Sheet4!$C7 -> 1 | E7: =ዕቁብ!F10/Sheet4!$C7 -> 1 | F7: =ዕቁብ!G10/Sheet4!$C7 -> 1 | G7: =ዕቁብ!H10/Sheet4!$C7 -> 1 | H7: =ዕቁብ!I10/Sheet4!$C7 -> 1 | I7: =ዕቁብ!J10/Sheet4!$C7 -> 1 | J7: =ዕቁብ!K10/Sheet4!$C7 -> 1 | K7: =ዕቁብ!L10/Sheet4!$C7 -> 1 | ... DQ7: =ዕቁብ!DR10/Sheet4!$C7 -> 0
A8: =ዕቁብ!A11 -> 6 | B8: =ዕቁብ!B11 -> ከተማ ለማ | C8: =ዕቁብ!C11 -> 21000 | D8: =ዕቁብ!E11/Sheet4!$C8 -> 1 | E8: =ዕቁብ!F11/Sheet4!$C8 -> 1 | F8: =ዕቁብ!G11/Sheet4!$C8 -> 1 | G8: =ዕቁብ!H11/Sheet4!$C8 -> 1 | H8: =ዕቁብ!I11/Sheet4!$C8 -> 1 | I8: =ዕቁብ!J11/Sheet4!$C8 -> 1 | J8: =ዕቁብ!K11/Sheet4!$C8 -> 1 | K8: =ዕቁብ!L11/Sheet4!$C8 -> 1 | ... DQ8: =ዕቁብ!DR11/Sheet4!$C8 -> 0
A9: =ዕቁብ!A12 -> 7 | B9: =ዕቁብ!B12 -> ጥላነሽ ከበደ | C9: =ዕቁብ!C12 -> 21000 | D9: =ዕቁብ!E12/Sheet4!$C9 -> 1 | E9: =ዕቁብ!F12/Sheet4!$C9 -> 1 | F9: =ዕቁብ!G12/Sheet4!$C9 -> 1 | G9: =ዕቁብ!H12/Sheet4!$C9 -> 1 | H9: =ዕቁብ!I12/Sheet4!$C9 -> 1 | I9: =ዕቁብ!J12/Sheet4!$C9 -> 1 | J9: =ዕቁብ!K12/Sheet4!$C9 -> 1 | K9: =ዕቁብ!L12/Sheet4!$C9 -> 1 | ... DQ9: =ዕቁብ!DR12/Sheet4!$C9 -> 0
A10: =ዕቁብ!A13 -> 8 | B10: =ዕቁብ!B13 -> ሲሳይ ባህሩ | C10: =ዕቁብ!C13 -> 21000 | D10: =ዕቁብ!E13/Sheet4!$C10 -> 1 | E10: =ዕቁብ!F13/Sheet4!$C10 -> 1 | F10: =ዕቁብ!G13/Sheet4!$C10 -> 1 | G10: =ዕቁብ!H13/Sheet4!$C10 -> 1 | H10: =ዕቁብ!I13/Sheet4!$C10 -> 1 | I10: =ዕቁብ!J13/Sheet4!$C10 -> 1 | J10: =ዕቁብ!K13/Sheet4!$C10 -> 1 | K10: =ዕቁብ!L13/Sheet4!$C10 -> 1 | ... DQ10: =ዕቁብ!DR13/Sheet4!$C10 -> 0
A11: =ዕቁብ!A14 -> 9 | B11: =ዕቁብ!B14 -> ሲንታየሁ ካሳ | C11: =ዕቁብ!C14 -> 21000 | D11: =ዕቁብ!E14/Sheet4!$C11 -> 1 | E11: =ዕቁብ!F14/Sheet4!$C11 -> 1 | F11: =ዕቁብ!G14/Sheet4!$C11 -> 1 | G11: =ዕቁብ!H14/Sheet4!$C11 -> 1 | H11: =ዕቁብ!I14/Sheet4!$C11 -> 1 | I11: =ዕቁብ!J14/Sheet4!$C11 -> 1 | J11: =ዕቁብ!K14/Sheet4!$C11 -> 1 | K11: =ዕቁብ!L14/Sheet4!$C11 -> 1 | ... DQ11: =ዕቁብ!DR14/Sheet4!$C11 -> 0
A12: =ዕቁብ!A15 -> 10 | B12: =ዕቁብ!B15 -> ጥላነሽ ከበደ | C12: =ዕቁብ!C15 -> 21000 | D12: =ዕቁብ!E15/Sheet4!$C12 -> 1 | E12: =ዕቁብ!F15/Sheet4!$C12 -> 1 | F12: =ዕቁብ!G15/Sheet4!$C12 -> 1 | G12: =ዕቁብ!H15/Sheet4!$C12 -> 1 | H12: =ዕቁብ!I15/Sheet4!$C12 -> 1 | I12: =ዕቁብ!J15/Sheet4!$C12 -> 1 | J12: =ዕቁብ!K15/Sheet4!$C12 -> 1 | K12: =ዕቁብ!L15/Sheet4!$C12 -> 1 | ... DQ12: =ዕቁብ!DR15/Sheet4!$C12 -> 0
A13: =ዕቁብ!A16 -> 11 | B13: =ዕቁብ!B16 -> ሄኖክ በቀለ | C13: =ዕቁብ!C16 -> 21000 | D13: =ዕቁብ!E16/Sheet4!$C13 -> 1 | E13: =ዕቁብ!F16/Sheet4!$C13 -> 1 | F13: =ዕቁብ!G16/Sheet4!$C13 -> 1 | G13: =ዕቁብ!H16/Sheet4!$C13 -> 1 | H13: =ዕቁብ!I16/Sheet4!$C13 -> 1 | I13: =ዕቁብ!J16/Sheet4!$C13 -> 1 | J13: =ዕቁብ!K16/Sheet4!$C13 -> 1 | K13: =ዕቁብ!L16/Sheet4!$C13 -> 1 | ... DQ13: =ዕቁብ!DR16/Sheet4!$C13 -> 0
A14: =ዕቁብ!A17 -> 12 | B14: =ዕቁብ!B17 -> ሀብታሙ ፃዲቁ | C14: =ዕቁብ!C17 -> 21000 | D14: =ዕቁብ!E17/Sheet4!$C14 -> 0 | E14: =ዕቁብ!F17/Sheet4!$C14 -> 0 | F14: =ዕቁብ!G17/Sheet4!$C14 -> 0 | G14: =ዕቁብ!H17/Sheet4!$C14 -> 0 | H14: =ዕቁብ!I17/Sheet4!$C14 -> 0 | I14: =ዕቁብ!J17/Sheet4!$C14 -> 0 | J14: =ዕቁብ!K17/Sheet4!$C14 -> 0 | K14: =ዕቁብ!L17/Sheet4!$C14 -> 0 | ... DQ14: =ዕቁብ!DR17/Sheet4!$C14 -> 0
... A135: =ዕቁብ!A138 -> 113 | B135: =ዕቁብ!B138 -> ሚልክያስ እዩኤል | C135: =ዕቁብ!C138 -> 10500 | D135: =ዕቁብ!E138/Sheet4!$C135 -> 1 | E135: =ዕቁብ!F138/Sheet4!$C135 -> 1 | F135: =ዕቁብ!G138/Sheet4!$C135 -> 1 | G135: =ዕቁብ!H138/Sheet4!$C135 -> 1 | H135: =ዕቁብ!I138/Sheet4!$C135 -> 1 | I135: =ዕቁብ!J138/Sheet4!$C135 -> 1 | J135: =ዕቁብ!K138/Sheet4!$C135 -> 1 | K135: =ዕቁብ!L138/Sheet4!$C135 -> 1 | ... DQ135: =ዕቁብ!DR138/Sheet4!$C135 -> 0

Sheet Sheet3
A1: =ዕቁብ!A1 -> ዕጣ ቁጥር | B1: =ዕቁብ!B1 -> ስም | C1: =(((D1-E1)/7)+1) -> 182.71429 | D1: =TODAY() -> 46143 | E1: =Sheet4!D2 -> 44871 | F1: =C1-1 -> 181.71429
A2: =ዕቁብ!A6 -> 1 | B2: =ዕቁብ!B6 -> መስፍን ሀ/ማሪያም | C2: =SUM(Sheet4!D3:DQ3) -> 103
A3: =ዕቁብ!A7 -> 2 | B3: =ዕቁብ!B7 -> ዓማኑኤል አላሮ | C3: =SUM(Sheet4!D4:DQ4) -> 108
A4: =ዕቁብ!A8 -> 3 | B4: =ዕቁብ!B8 -> ብርሃኑ ማሩ | C4: =SUM(Sheet4!D5:DQ5) -> 107
A5: =ዕቁብ!A9 -> 4 | B5: =ዕቁብ!B9 -> ከፈለኝ ፃዲቁ | C5: =SUM(Sheet4!D6:DQ6) -> 0
A6: =ዕቁብ!A10 -> 5 | B6: =ዕቁብ!B10 -> አስፈው ወርጂ | C6: =SUM(Sheet4!D7:DQ7) -> 108
A7: =ዕቁብ!A11 -> 6 | B7: =ዕቁብ!B11 -> ከተማ ለማ | C7: =SUM(Sheet4!D8:DQ8) -> 107
A8: =ዕቁብ!A12 -> 7 | B8: =ዕቁብ!B12 -> ጥላነሽ ከበደ | C8: =SUM(Sheet4!D9:DQ9) -> 108
A9: =ዕቁብ!A13 -> 8 | B9: =ዕቁብ!B13 -> ሲሳይ ባህሩ | C9: =SUM(Sheet4!D10:DQ10) -> 108
A10: =ዕቁብ!A14 -> 9 | B10: =ዕቁብ!B14 -> ሲንታየሁ ካሳ | C10: =SUM(Sheet4!D11:DQ11) -> 108
A11: =ዕቁብ!A15 -> 10 | B11: =ዕቁብ!B15 -> ጥላነሽ ከበደ | C11: =SUM(Sheet4!D12:DQ12) -> 108
A12: =ዕቁብ!A16 -> 11 | B12: =ዕቁብ!B16 -> ሄኖክ በቀለ | C12: =SUM(Sheet4!D13:DQ13) -> 101
A13: =ዕቁብ!A17 -> 12 | B13: =ዕቁብ!B17 -> ሀብታሙ ፃዲቁ | C13: =SUM(Sheet4!D14:DQ14) -> 0
... A134: =ዕቁብ!A138 -> 113 | B134: =ዕቁብ!B138 -> ሚልክያስ እዩኤል | C134: =SUM(Sheet4!D135:DQ135) -> 96

Sheet List
A1: ቀን፡- | B1: =DATE(YEAR(N1)-8, MONTH(N1)+4, DAY(N1)-13) -> 43338 | J1: ከፍቃዱ የመጣ ቦኖ …………….……………. | N1: =TODAY()+7 -> 46150
B2: የማህበር | C2: . | E2: =ዕቁብ!D1+1 -> 184 | F2: ኛ ሳምንት | J2: ካለፈው የመጣ ቦኖ …………..……………… | N2: =DATE(YEAR(N4) + 8, MONTH(N4) - 1, DAY(N4)) -> 45451
B3: የወጣ ዕጣ .................. | J3: ቀሪ ቦኖ ……...……………………. | N3: =DATE(YEAR(B1)-8, MONTH(B1)+4, DAY(B1)-9) -> 40529
N4: 42559
A5: 1 | B5: መስፍን ሀ/ማሪያም | C5: =ዕቁብ!D6 -> 103 | E5: 45 | F5: አሸናፊ ጨመረ | G5: =ዕቁብ!D51 -> 104 | I5: 90 | J5: ሰለሞን ግርማ | K5: =ዕቁብ!D96 -> 104
A6: 2 | B6: ዓማኑኤል አላሮ | C6: =ዕቁብ!D7 -> 108 | E6: 46 | F6: ማሩ ዱቤ | G6: =ዕቁብ!D52 -> 108 | I6: 91 | J6: ሄኖክ ቶሎሳ | K6: =ዕቁብ!D97 -> 104
A7: 3 | B7: ብርሃኑ ማሩ | C7: =ዕቁብ!D8 -> 107 | E7: 47 | F7: ሞገስ ግርማ | G7: =ዕቁብ!D53 -> 107 | I7: 92 | J7: ያዕቆብ ይቱራ | K7: =ዕቁብ!D98 -> 102
A8: 4 | B8: ከፈለኝ ፃዲቁ | C8: =ዕቁብ!D9 -> 0 | E8: 48 | F8: ደርጋሶ ደንዴ | G8: =ዕቁብ!D54 -> 104 | I8: 93 | J8: እንግዳ ካሳዬ | K8: =ዕቁብ!D99 -> 99
A9: 5 | B9: አስፈው ወርጂ | C9: =ዕቁብ!D10 -> 108 | E9: 49 | F9: ተረፈ ዓለሙ | G9: =ዕቁብ!D55 -> 108 | I9: 94 | J9: ዬሐንስ ከበደ | K9: =ዕቁብ!D100 -> 107
A10: 6 | B10: ከተማ ለማ | C10: =ዕቁብ!D11 -> 107 | E10: 50 | F10: ሀብታሙ አበራ | G10: =ዕቁብ!D56 -> 104 | I10: 94 | J10: እያሱ ዎታንጎ | K10: =ዕቁብ!D101 -> 103
A11: 7 | B11: ጥላነሽ ከበደ | C11: =ዕቁብ!D12 -> 108 | E11: 51 | F11: ሳምሶን ጀማል | G11: =ዕቁብ!D57 -> 107 | I11: 95 | J11: ዳናዋ ደምሴ | K11: =ዕቁብ!D102 -> 77
A12: 8 | B12: ሲሳይ ባህሩ | C12: =ዕቁብ!D13 -> 108 | E12: 52 | F12: ኤርሚያስ ፊሎ | G12: =ዕቁብ!D58 -> 106 | I12: 95 | J12: ዶክተር ጠቃ | K12: =ዕቁብ!D103 -> 98
A13: 9 | B13: ሲንታየሁ ካሳ | C13: =ዕቁብ!D14 -> 108 | E13: 53 | F13: ሙሴ ዳንኤል | G13: =ዕቁብ!D59 -> 107 | I13: 96 | J13: ታሪኩ ካርሎስ | K13: =ዕቁብ!D104 -> 106
A14: 10 | B14: ጥላነሸ ከበደ | C14: =ዕቁብ!D15 -> 108 | E14: 54 | F14: ሽመልስ ሽብሩ | G14: =ዕቁብ!D60 -> 99 | I14: 96 | J14: እንግዳ ካሳዬ | K14: =ዕቁብ!D105 -> 97
A15: 11 | B15: ሄኖክ በቀለ | C15: =ዕቁብ!D16 -> 101 | E15: 55 | F15: ጌታቸው በቀለ | G15: =ዕቁብ!D61 -> 106 | I15: 97 | J15: ሙሄድን አህመድ | K15: =ዕቁብ!D106 -> 91
A16: 12 | B16: ሀብታሙ ፃዲቁ | C16: =ዕቁብ!D17 -> 0 | E16: 56 | F16: ከፈለኝ ፃዲቁ | G16: =ዕቁብ!D62 -> 0 | I16: 97 | J16: እዮብ ደርቤ | K16: =ዕቁብ!D107 -> 89
... A47: 42 | B47: አሸናፊ ጨመረ | C47: =ዕቁብ!D48 -> 104 | E47: 87 | F47: ሀብታሙ ቀሬ | G47: =ዕቁብ!D93 -> 101 | I47: 113 | J47: ሚልክያስ እዩኤል | K47: =ዕቁብ!D138 -> 96
A48: 43 | B48: አሸናፊ ጨመረ | C48: =ዕቁብ!D49 -> 104 | E48: 88 | F48: ኢዮብ ዋኬኖ | G48: =ዕቁብ!D94 -> 103
A49: 44 | B49: አሸናፊ ጨመረ | C49: =ዕቁብ!$D$50 -> 104 | E49: 89 | F49: ስለሺ ግርማ | G49: =ዕቁብ!D95 -> 108
B52: በዕለቱ የተሰበሰበ ገቢ መጠን ………………………………………………………………….
B54: በብር
B55: 200 | C55: X | D55: …………………. | E55: = | F55: ……………………………….
B56: 100 | C56: X | D56: …………………. | E56: = | F56: ……………………………….
B57: 50 | C57: X | D57: …………………. | E57: = | F57: ……………………………….
D58: ጠቅላላ ድምር | F58: ……………………………………….
B63: ወረቀት እና ቼክ
A65: 1
A66: 2
A67: 3
A68: 4
A69: 5
A70: 6
A71: 7
A72: 8
A73: 9
A74: 10
A75: 11
A76: 12
... A79: 15
A80: ጠቅላላ ድምር

Sheet Sheet2
A1: =Sheet4!A1 -> ዕጣ ቁጥር | B1: =Sheet4!B1 -> ስም | C1: =Sheet4!C2 -> ክፍያ መጠን | D1: =Sheet4!D1 -> 1 | E1: =Sheet4!E1 -> 2 | F1: =Sheet4!F1 -> 3 | G1: =Sheet4!G1 -> 4 | H1: =Sheet4!H1 -> 5 | I1: =Sheet4!I1 -> 6 | J1: =Sheet4!J1 -> 7 | K1: =Sheet4!K1 -> 8 | ... DQ1: =Sheet4!DQ1 -> 118
D2: =Sheet4!D2 -> 44871 | E2: =Sheet4!E2 -> 44878 | F2: =Sheet4!F2 -> 44885 | G2: =Sheet4!G2 -> 44892 | H2: =Sheet4!H2 -> 44899 | I2: =Sheet4!I2 -> 44906 | J2: =Sheet4!J2 -> 44913 | K2: =Sheet4!K2 -> 44920 | ... DQ2: =Sheet4!DQ2 -> 45690
D3: =SUM(D4:D136) -> 107 | E3: =SUM(E4:E136) -> 106.5 | F3: =SUM(F4:F136) -> 106.5 | G3: =SUM(G4:G136) -> 106.5 | H3: =SUM(H4:H136) -> 106.5 | I3: =SUM(I4:I136) -> 106.5 | J3: =SUM(J4:J136) -> 106.5 | K3: =SUM(K4:K136) -> 106.5 | ... DQ3: =SUM(DQ4:DQ136) -> 0
A4: =Sheet4!A3 -> 1 | B4: =Sheet4!B3 -> መስፍን ሀ/ማሪያም | C4: =Sheet4!C3 -> 21000 | D4: =Sheet4!D3 -> 1 | E4: =Sheet4!E3 -> 1 | F4: =Sheet4!F3 -> 1 | G4: =Sheet4!G3 -> 1 | H4: =Sheet4!H3 -> 1 | ... DQ4: =Sheet4!DQ3 -> 0
A5: =Sheet4!A4 -> 2 | B5: =Sheet4!B4 -> ዓማኑኤል አላሮ | C5: =Sheet4!C4 -> 21000 | D5: =Sheet4!D4 -> 1 | E5: =Sheet4!E4 -> 1 | F5: =Sheet4!F4 -> 1 | G5: =Sheet4!G4 -> 1 | H5: =Sheet4!H4 -> 1 | ... DQ5: =Sheet4!DQ4 -> 0
A6: =Sheet4!A5 -> 3 | B6: =Sheet4!B5 -> ብርሃኑ ማሩ | C6: =Sheet4!C5 -> 21000 | D6: =Sheet4!D5 -> 1 | E6: =Sheet4!E5 -> 1 | F6: =Sheet4!F5 -> 1 | G6: =Sheet4!G5 -> 1 | H6: =Sheet4!H5 -> 1 | ... DQ6: =Sheet4!DQ5 -> 0
A7: =Sheet4!A6 -> 4 | B7: =Sheet4!B6 -> ከፈለኝ ፃዲቁ | C7: =Sheet4!C6 -> 21000 | D7: =Sheet4!D6 -> 0 | E7: =Sheet4!E6 -> 0 | F7: =Sheet4!F6 -> 0 | G7: =Sheet4!G6 -> 0 | H7: =Sheet4!H6 -> 0 | ... DQ7: =Sheet4!DQ6 -> 0
A8: =Sheet4!A7 -> 5 | B8: =Sheet4!B7 -> አስፈው ወርጂ | C8: =Sheet4!C7 -> 21000 | D8: =Sheet4!D7 -> 1 | E8: =Sheet4!E7 -> 1 | F8: =Sheet4!F7 -> 1 | G8: =Sheet4!G7 -> 1 | H8: =Sheet4!H7 -> 1 | ... DQ8: =Sheet4!DQ7 -> 0
A9: =Sheet4!A8 -> 6 | B9: =Sheet4!B8 -> ከተማ ለማ | C9: =Sheet4!C8 -> 21000 | D9: =Sheet4!D8 -> 1 | E9: =Sheet4!E8 -> 1 | F9: =Sheet4!F8 -> 1 | G9: =Sheet4!G8 -> 1 | H9: =Sheet4!H8 -> 1 | ... DQ9: =Sheet4!DQ8 -> 0
A10: =Sheet4!A9 -> 7 | B10: =Sheet4!B9 -> ጥላነሽ ከበደ | C10: =Sheet4!C9 -> 21000 | D10: =Sheet4!D9 -> 1 | E10: =Sheet4!E9 -> 1 | F10: =Sheet4!F9 -> 1 | G10: =Sheet4!G9 -> 1 | H10: =Sheet4!H9 -> 1 | ... DQ10: =Sheet4!DQ9 -> 0
A11: =Sheet4!A10 -> 8 | B11: =Sheet4!B10 -> ሲሳይ ባህሩ | C11: =Sheet4!C10 -> 21000 | D11: =Sheet4!D10 -> 1 | E11: =Sheet4!E10 -> 1 | F11: =Sheet4!F10 -> 1 | G11: =Sheet4!G10 -> 1 | H11: =Sheet4!H10 -> 1 | ... DQ11: =Sheet4!DQ10 -> 0
A12: =Sheet4!A11 -> 9 | B12: =Sheet4!B11 -> ሲንታየሁ ካሳ | C12: =Sheet4!C11 -> 21000 | D12: =Sheet4!D11 -> 1 | E12: =Sheet4!E11 -> 1 | F12: =Sheet4!F11 -> 1 | G12: =Sheet4!G11 -> 1 | H12: =Sheet4!H11 -> 1 | ... DQ12: =Sheet4!DQ11 -> 0
A13: =Sheet4!A12 -> 10 | B13: =Sheet4!B12 -> ጥላነሽ ከበደ | C13: =Sheet4!C12 -> 21000 | D13: =Sheet4!D12 -> 1 | E13: =Sheet4!E12 -> 1 | F13: =Sheet4!F12 -> 1 | G13: =Sheet4!G12 -> 1 | H13: =Sheet4!H12 -> 1 | ... DQ13: =Sheet4!DQ12 -> 0
A14: =Sheet4!A13 -> 11 | B14: =Sheet4!B13 -> ሄኖክ በቀለ | C14: =Sheet4!C13 -> 21000 | D14: =Sheet4!D13 -> 1 | E14: =Sheet4!E13 -> 1 | F14: =Sheet4!F13 -> 1 | G14: =Sheet4!G13 -> 1 | H14: =Sheet4!H13 -> 1 | ... DQ14: =Sheet4!DQ13 -> 0
A15: =Sheet4!A14 -> 12 | B15: =Sheet4!B14 -> ሀብታሙ ፃዲቁ | C15: =Sheet4!C14 -> 21000 | D15: =Sheet4!D14 -> 0 | E15: =Sheet4!E14 -> 0 | F15: =Sheet4!F14 -> 0 | G15: =Sheet4!G14 -> 0 | H15: =Sheet4!H14 -> 0 | ... DQ15: =Sheet4!DQ14 -> 0
... A21: =Sheet4!A20 -> 18 | B21: =Sheet4!B20 -> ህዝቄል ጴጥሮስ | C21: =Sheet4!C20 -> 21000 | D21: =Sheet4!D20 -> 1 | E21: =Sheet4!E20 -> 1 | F21: =Sheet4!F20 -> 1 | G21: =Sheet4!G20 -> 1 | H21: =Sheet4!H20 -> 1 | ... DQ21: =Sheet4!DQ20 -> 0
A22: =Sheet4!A21 -> 19 | B22: =Sheet4!B21 -> አንተነህ ግዛዉ | C22: =Sheet4!C21 -> 10500 | D22: =(Sheet4!D21/2) -> 0.5 | E22: =(Sheet4!E21/2) -> 0.5 | F22: =(Sheet4!F21/2) -> 0.5 | G22: =(Sheet4!G21/2) -> 0.5 | H22: =(Sheet4!H21/2) -> 0.5 | I22: =(Sheet4!I21/2) -> 0.5 | J22: =(Sheet4!J21/2) -> 0.5 | K22: =(Sheet4!K21/2) -> 0.5 | ... DQ22: =(Sheet4!DQ21/2) -> 0
A23: =Sheet4!A22 -> 19 | B23: =Sheet4!B22 -> አለማየሁ ገዛህኝ | C23: =Sheet4!C22 -> 10500 | D23: =(Sheet4!D22/2) -> 0.5 | E23: =(Sheet4!E22/2) -> 0.5 | F23: =(Sheet4!F22/2) -> 0.5 | G23: =(Sheet4!G22/2) -> 0.5 | H23: =(Sheet4!H22/2) -> 0.5 | I23: =(Sheet4!I22/2) -> 0.5 | J23: =(Sheet4!J22/2) -> 0.5 | K23: =(Sheet4!K22/2) -> 0.5 | ... DQ23: =(Sheet4!DQ22/2) -> 0
A24: =Sheet4!A23 -> 20 | B24: =Sheet4!B23 -> ሻምበል ቦንጃ | C24: =Sheet4!C23 -> 21000 | D24: =Sheet4!D23 -> 1 | E24: =Sheet4!E23 -> 1 | F24: =Sheet4!F23 -> 1 | G24: =Sheet4!G23 -> 1 | H24: =Sheet4!H23 -> 1 | ... DQ24: =Sheet4!DQ23 -> 0
A25: =Sheet4!A24 -> 21 | B25: =Sheet4!B24 -> ማተጎ አመኖ | C25: =Sheet4!C24 -> 21000 | D25: =Sheet4!D24 -> 1 | E25: =Sheet4!E24 -> 1 | F25: =Sheet4!F24 -> 1 | G25: =Sheet4!G24 -> 1 | H25: =Sheet4!H24 -> 1 | ... DQ25: =Sheet4!DQ24 -> 0
A26: =Sheet4!A25 -> 22 | B26: =Sheet4!B25 -> ማሩ እርቅይሁን | C26: =Sheet4!C25 -> 21000 | D26: =Sheet4!D25 -> 1 | E26: =Sheet4!E25 -> 1 | F26: =Sheet4!F25 -> 1 | G26: =Sheet4!G25 -> 1 | H26: =Sheet4!H25 -> 1 | ... DQ26: =Sheet4!DQ25 -> 0
A27: =Sheet4!A26 -> 23 | B27: =Sheet4!B26 -> ደረጀ ታደግ | C27: =Sheet4!C26 -> 21000 | D27: =Sheet4!D26 -> 1 | E27: =Sheet4!E26 -> 1 | F27: =Sheet4!F26 -> 1 | G27: =Sheet4!G26 -> 1 | H27: =Sheet4!H26 -> 1 | ... DQ27: =Sheet4!DQ26 -> 0
A28: =Sheet4!A27 -> 24 | B28: =Sheet4!B27 -> ስንቅነሽ ጃራ | C28: =Sheet4!C27 -> 21000 | D28: =Sheet4!D27 -> 1 | E28: =Sheet4!E27 -> 1 | F28: =Sheet4!F27 -> 1 | G28: =Sheet4!G27 -> 1 | H28: =Sheet4!H27 -> 1 | ... DQ28: =Sheet4!DQ27 -> 0
A29: =Sheet4!A28 -> 25 | B29: =Sheet4!B28 -> ይድነቃቸው ወ/መስቀል | C29: =Sheet4!C28 -> 21000 | D29: =Sheet4!D28 -> 1 | E29: =Sheet4!E28 -> 1 | F29: =Sheet4!F28 -> 1 | G29: =Sheet4!G28 -> 1 | H29: =Sheet4!H28 -> 1 | ... DQ29: =Sheet4!DQ28 -> 0
A30: =Sheet4!A29 -> 26 | B30: =Sheet4!B29 -> ፈትለወርቅ ታደሰ | C30: =Sheet4!C29 -> 21000 | D30: =Sheet4!D29 -> 1 | E30: =Sheet4!E29 -> 1 | F30: =Sheet4!F29 -> 1 | G30: =Sheet4!G29 -> 1 | H30: =Sheet4!H29 -> 1 | ... DQ30: =Sheet4!DQ29 -> 0
A31: =Sheet4!A30 -> 27 | B31: =Sheet4!B30 -> አንተነህ ግዛዉ | C31: =Sheet4!C30 -> 21000 | D31: =Sheet4!D30 -> 1 | E31: =Sheet4!E30 -> 1 | F31: =Sheet4!F30 -> 1 | G31: =Sheet4!G30 -> 1 | H31: =Sheet4!H30 -> 1 | ... DQ31: =Sheet4!DQ30 -> 0
A32: =Sheet4!A31 -> 28 | B32: =Sheet4!B31 -> ግርማ አበበ | C32: =Sheet4!C31 -> 21000 | D32: =Sheet4!D31 -> 0 | E32: =Sheet4!E31 -> 0 | F32: =Sheet4!F31 -> 0 | G32: =Sheet4!G31 -> 0 | H32: =Sheet4!H31 -> 0 | ... DQ32: =Sheet4!DQ31 -> 0
A33: =Sheet4!A32 -> 29 | B33: =Sheet4!B32 -> መስፍን መንግስቱ | C33: =Sheet4!C32 -> 21000 | D33: =Sheet4!D32 -> 1 | E33: =Sheet4!E32 -> 1 | F33: =Sheet4!F32 -> 1 | G33: =Sheet4!G32 -> 1 | H33: =Sheet4!H32 -> 1 | ... DQ33: =Sheet4!DQ32 -> 0
A34: =Sheet4!A33 -> 30 | B34: =Sheet4!B33 -> እሱባለው ስለሺ | C34: =Sheet4!C33 -> 21000 | D34: =Sheet4!D33 -> 1 | E34: =Sheet4!E33 -> 1 | F34: =Sheet4!F33 -> 1 | G34: =Sheet4!G33 -> 1 | H34: =Sheet4!H33 -> 1 | ... DQ34: =Sheet4!DQ33 -> 0
A35: =Sheet4!A34 -> 31 | B35: =Sheet4!B34 -> ከፈለኝ ፃዲቁ | C35: =Sheet4!C34 -> 21000 | D35: =Sheet4!D34 -> 0 | E35: =Sheet4!E34 -> 0 | F35: =Sheet4!F34 -> 0 | G35: =Sheet4!G34 -> 0 | H35: =Sheet4!H34 -> 0 | ... DQ35: =Sheet4!DQ34 -> 0
... A97: =Sheet4!A96 -> 93 | B97: =Sheet4!B96 -> እንግዳ ካሳዬ | C97: =Sheet4!C96 -> 21000 | D97: =Sheet4!D96 -> 1 | E97: =Sheet4!E96 -> 1 | F97: =Sheet4!F96 -> 1 | G97: =Sheet4!G96 -> 1 | H97: =Sheet4!H96 -> 1 | ... DQ97: =Sheet4!DQ96 -> 0
A98: =Sheet4!A97 -> 94 | B98: =Sheet4!B97 -> ዬሐንስ ከበደ | C98: =Sheet4!C97 -> 10500 | D98: =(Sheet4!D97/2) -> 0.5 | E98: =(Sheet4!E97/2) -> 0.5 | F98: =(Sheet4!F97/2) -> 0.5 | G98: =(Sheet4!G97/2) -> 0.5 | H98: =(Sheet4!H97/2) -> 0.5 | I98: =(Sheet4!I97/2) -> 0.5 | J98: =(Sheet4!J97/2) -> 0.5 | K98: =(Sheet4!K97/2) -> 0.5 | ... DQ98: =(Sheet4!DQ97/2) -> 0
A99: =Sheet4!A98 -> 94 | B99: =Sheet4!B98 -> እያሱ ዎታንጎ | C99: =Sheet4!C98 -> 10500 | D99: =(Sheet4!D98/2) -> 0.5 | E99: =(Sheet4!E98/2) -> 0.5 | F99: =(Sheet4!F98/2) -> 0.5 | G99: =(Sheet4!G98/2) -> 0.5 | H99: =(Sheet4!H98/2) -> 0.5 | I99: =(Sheet4!I98/2) -> 0.5 | J99: =(Sheet4!J98/2) -> 0.5 | K99: =(Sheet4!K98/2) -> 0.5 | ... DQ99: =(Sheet4!DQ98/2) -> 0
A100: =Sheet4!A99 -> 95 | B100: =Sheet4!B99 -> ዳናዋ ደምሴ | C100: =Sheet4!C99 -> 10500 | D100: =(Sheet4!D99/2) -> 0.5 | E100: =(Sheet4!E99/2) -> 0.5 | F100: =(Sheet4!F99/2) -> 0.5 | G100: =(Sheet4!G99/2) -> 0.5 | H100: =(Sheet4!H99/2) -> 0.5 | I100: =(Sheet4!I99/2) -> 0.5 | J100: =(Sheet4!J99/2) -> 0.5 | K100: =(Sheet4!K99/2) -> 0.5 | ... DQ100: =(Sheet4!DQ99/2) -> 0
A101: =Sheet4!A100 -> 95 | B101: =Sheet4!B100 -> ዶክተር ጠቃ | C101: =Sheet4!C100 -> 10500 | D101: =(Sheet4!D100/2) -> 0.5 | E101: =(Sheet4!E100/2) -> 0.5 | F101: =(Sheet4!F100/2) -> 0.5 | G101: =(Sheet4!G100/2) -> 0.5 | H101: =(Sheet4!H100/2) -> 0.5 | I101: =(Sheet4!I100/2) -> 0.5 | J101: =(Sheet4!J100/2) -> 0.5 | K101: =(Sheet4!K100/2) -> 0.5 | ... DQ101: =(Sheet4!DQ100/2) -> 0
A102: =Sheet4!A101 -> 96 | B102: =Sheet4!B101 -> ታሪኩ ካርሎስ | C102: =Sheet4!C101 -> 10500 | D102: =(Sheet4!D101/2) -> 0.5 | E102: =(Sheet4!E101/2) -> 0.5 | F102: =(Sheet4!F101/2) -> 0.5 | G102: =(Sheet4!G101/2) -> 0.5 | H102: =(Sheet4!H101/2) -> 0.5 | I102: =(Sheet4!I101/2) -> 0.5 | J102: =(Sheet4!J101/2) -> 0.5 | K102: =(Sheet4!K101/2) -> 0.5 | ... DQ102: =(Sheet4!DQ101/2) -> 0
A103: =Sheet4!A102 -> 96 | B103: =Sheet4!B102 -> እንግዳ ካሳዬ | C103: =Sheet4!C102 -> 10500 | D103: =(Sheet4!D102/2) -> 0.5 | E103: =(Sheet4!E102/2) -> 0.5 | F103: =(Sheet4!F102/2) -> 0.5 | G103: =(Sheet4!G102/2) -> 0.5 | H103: =(Sheet4!H102/2) -> 0.5 | I103: =(Sheet4!I102/2) -> 0.5 | J103: =(Sheet4!J102/2) -> 0.5 | K103: =(Sheet4!K102/2) -> 0.5 | ... DQ103: =(Sheet4!DQ102/2) -> 0
A104: =Sheet4!A103 -> 97 | B104: =Sheet4!B103 -> ሙሄድን አህመድ | C104: =Sheet4!C103 -> 10500 | D104: =(Sheet4!D103/2) -> 0.5 | E104: =(Sheet4!E103/2) -> 0.5 | F104: =(Sheet4!F103/2) -> 0.5 | G104: =(Sheet4!G103/2) -> 0.5 | H104: =(Sheet4!H103/2) -> 0.5 | I104: =(Sheet4!I103/2) -> 0.5 | J104: =(Sheet4!J103/2) -> 0.5 | K104: =(Sheet4!K103/2) -> 0.5 | ... DQ104: =(Sheet4!DQ103/2) -> 0
A105: =Sheet4!A104 -> 97 | B105: =Sheet4!B104 -> እዮብ ደርቤ | C105: =Sheet4!C104 -> 10500 | D105: =(Sheet4!D104/2) -> 0.5 | E105: =(Sheet4!E104/2) -> 0.5 | F105: =(Sheet4!F104/2) -> 0.5 | G105: =(Sheet4!G104/2) -> 0.5 | H105: =(Sheet4!H104/2) -> 0.5 | I105: =(Sheet4!I104/2) -> 0.5 | J105: =(Sheet4!J104/2) -> 0.5 | K105: =(Sheet4!K104/2) -> 0.5 | ... DQ105: =(Sheet4!DQ104/2) -> 0
A106: =Sheet4!A105 -> 98 | B106: =Sheet4!B105 -> ኢትዮጽያ አንዳርጌ | C106: =Sheet4!C105 -> 10500 | D106: =(Sheet4!D105/2) -> 0.5 | E106: =(Sheet4!E105/2) -> 0.5 | F106: =(Sheet4!F105/2) -> 0.5 | G106: =(Sheet4!G105/2) -> 0.5 | H106: =(Sheet4!H105/2) -> 0.5 | I106: =(Sheet4!I105/2) -> 0.5 | J106: =(Sheet4!J105/2) -> 0.5 | K106: =(Sheet4!K105/2) -> 0.5 | ... DQ106: =(Sheet4!DQ105/2) -> 0
A107: =Sheet4!A106 -> 98 | B107: =Sheet4!B106 -> ፀጋዬ ቡጤ | C107: =Sheet4!C106 -> 10500 | D107: =(Sheet4!D106/2) -> 0.5 | E107: =(Sheet4!E106/2) -> 0.5 | F107: =(Sheet4!F106/2) -> 0.5 | G107: =(Sheet4!G106/2) -> 0.5 | H107: =(Sheet4!H106/2) -> 0.5 | I107: =(Sheet4!I106/2) -> 0.5 | J107: =(Sheet4!J106/2) -> 0.5 | K107: =(Sheet4!K106/2) -> 0.5 | ... DQ107: =(Sheet4!DQ106/2) -> 0
A108: =Sheet4!A107 -> 99 | B108: =Sheet4!B107 -> መኮንን ሰኬሎ | C108: =Sheet4!C107 -> 10500 | D108: =(Sheet4!D107/2) -> 0.5 | E108: =(Sheet4!E107/2) -> 0.5 | F108: =(Sheet4!F107/2) -> 0.5 | G108: =(Sheet4!G107/2) -> 0.5 | H108: =(Sheet4!H107/2) -> 0.5 | I108: =(Sheet4!I107/2) -> 0.5 | J108: =(Sheet4!J107/2) -> 0.5 | K108: =(Sheet4!K107/2) -> 0.5 | ... DQ108: =(Sheet4!DQ107/2) -> 0
A109: =Sheet4!A108 -> 99 | B109: =Sheet4!B108 -> ፍቃዱ ባልቻ | C109: =Sheet4!C108 -> 10500 | D109: =(Sheet4!D108/2) -> 0.5 | E109: =(Sheet4!E108/2) -> 0 | F109: =(Sheet4!F108/2) -> 0 | G109: =(Sheet4!G108/2) -> 0 | H109: =(Sheet4!H108/2) -> 0 | I109: =(Sheet4!I108/2) -> 0 | J109: =(Sheet4!J108/2) -> 0 | K109: =(Sheet4!K108/2) -> 0 | ... DQ109: =(Sheet4!DQ108/2) -> 0
... A113: =Sheet4!A112 -> 101 | B113: =Sheet4!B112 -> ስካሬ ደጋጋ | C113: =Sheet4!C112 -> 10500 | D113: =(Sheet4!D112/2) -> 0.5 | E113: =(Sheet4!E112/2) -> 0.5 | F113: =(Sheet4!F112/2) -> 0.5 | G113: =(Sheet4!G112/2) -> 0.5 | H113: =(Sheet4!H112/2) -> 0.5 | I113: =(Sheet4!I112/2) -> 0.5 | J113: =(Sheet4!J112/2) -> 0.5 | K113: =(Sheet4!K112/2) -> 0.5 | ... DQ113: =(Sheet4!DQ112/2) -> 0
A114: =Sheet4!A113 -> 102 | B114: =Sheet4!B113 -> ዳንኤል ጎሌ | C114: =Sheet4!C113 -> 21000 | D114: =Sheet4!D113 -> 1 | E114: =Sheet4!E113 -> 1 | F114: =Sheet4!F113 -> 1 | G114: =Sheet4!G113 -> 1 | H114: =Sheet4!H113 -> 1 | ... DQ114: =Sheet4!DQ113 -> 0
A115: =Sheet4!A114 -> 103 | B115: =Sheet4!B114 -> ወንድሙ ስንታየሁ | C115: =Sheet4!C114 -> 10500 | D115: =(Sheet4!D114/2) -> 0.5 | E115: =(Sheet4!E114/2) -> 0.5 | F115: =(Sheet4!F114/2) -> 0.5 | G115: =(Sheet4!G114/2) -> 0.5 | H115: =(Sheet4!H114/2) -> 0.5 | I115: =(Sheet4!I114/2) -> 0.5 | J115: =(Sheet4!J114/2) -> 0.5 | K115: =(Sheet4!K114/2) -> 0.5 | ... DQ115: =(Sheet4!DQ114/2) -> 0
A116: =Sheet4!A115 -> 103 | B116: =Sheet4!B115 -> አንበሴ ማናዩ | C116: =Sheet4!C115 -> 10500 | D116: =(Sheet4!D115/2) -> 0.5 | E116: =(Sheet4!E115/2) -> 0.5 | F116: =(Sheet4!F115/2) -> 0.5 | G116: =(Sheet4!G115/2) -> 0.5 | H116: =(Sheet4!H115/2) -> 0.5 | I116: =(Sheet4!I115/2) -> 0.5 | J116: =(Sheet4!J115/2) -> 0.5 | K116: =(Sheet4!K115/2) -> 0.5 | ... DQ116: =(Sheet4!DQ115/2) -> 0
A117: =Sheet4!A116 -> 104 | B117: =Sheet4!B116 -> ሴም ገብራይ | C117: =Sheet4!C116 -> 10500 | D117: =(Sheet4!D116/2) -> 0.5 | E117: =(Sheet4!E116/2) -> 0.5 | F117: =(Sheet4!F116/2) -> 0.5 | G117: =(Sheet4!G116/2) -> 0.5 | H117: =(Sheet4!H116/2) -> 0.5 | I117: =(Sheet4!I116/2) -> 0.5 | J117: =(Sheet4!J116/2) -> 0.5 | K117: =(Sheet4!K116/2) -> 0.5 | ... DQ117: =(Sheet4!DQ116/2) -> 0
A118: =Sheet4!A117 -> 104 | B118: =Sheet4!B117 -> ሙሉአባይ መለሰ | C118: =Sheet4!C117 -> 10500 | D118: =(Sheet4!D117/2) -> 0.5 | E118: =(Sheet4!E117/2) -> 0.5 | F118: =(Sheet4!F117/2) -> 0.5 | G118: =(Sheet4!G117/2) -> 0.5 | H118: =(Sheet4!H117/2) -> 0.5 | I118: =(Sheet4!I117/2) -> 0.5 | J118: =(Sheet4!J117/2) -> 0.5 | K118: =(Sheet4!K117/2) -> 0.5 | ... DQ118: =(Sheet4!DQ117/2) -> 0
A119: =Sheet4!A118 -> 105 | B119: =Sheet4!B118 -> ደስታ ቶሎሳ | C119: =Sheet4!C118 -> 10500 | D119: =(Sheet4!D118/2) -> 0.5 | E119: =(Sheet4!E118/2) -> 0.5 | F119: =(Sheet4!F118/2) -> 0.5 | G119: =(Sheet4!G118/2) -> 0.5 | H119: =(Sheet4!H118/2) -> 0.5 | I119: =(Sheet4!I118/2) -> 0.5 | J119: =(Sheet4!J118/2) -> 0.5 | K119: =(Sheet4!K118/2) -> 0.5 | ... DQ119: =(Sheet4!DQ118/2) -> 0
A120: =Sheet4!A119 -> 105 | B120: =Sheet4!B119 -> ኤልያስ አቢባ | C120: =Sheet4!C119 -> 10500 | D120: =(Sheet4!D119/2) -> 0.5 | E120: =(Sheet4!E119/2) -> 0.5 | F120: =(Sheet4!F119/2) -> 0.5 | G120: =(Sheet4!G119/2) -> 0.5 | H120: =(Sheet4!H119/2) -> 0.5 | I120: =(Sheet4!I119/2) -> 0.5 | J120: =(Sheet4!J119/2) -> 0.5 | K120: =(Sheet4!K119/2) -> 0.5 | ... DQ120: =(Sheet4!DQ119/2) -> 0
A121: =Sheet4!A120 -> 106 | B121: =Sheet4!B120 -> ዮሴፍ ዮናስ | C121: =Sheet4!C120 -> 10500 | D121: =(Sheet4!D120/2) -> 0.5 | E121: =(Sheet4!E120/2) -> 0.5 | F121: =(Sheet4!F120/2) -> 0.5 | G121: =(Sheet4!G120/2) -> 0.5 | H121: =(Sheet4!H120/2) -> 0.5 | I121: =(Sheet4!I120/2) -> 0.5 | J121: =(Sheet4!J120/2) -> 0.5 | K121: =(Sheet4!K120/2) -> 0.5 | ... DQ121: =(Sheet4!DQ120/2) -> 0
A122: =Sheet4!A121 -> 106 | B122: =Sheet4!B121 -> ሙሉ ቶማስ | C122: =Sheet4!C121 -> 10500 | D122: =(Sheet4!D121/2) -> 0.5 | E122: =(Sheet4!E121/2) -> 0.5 | F122: =(Sheet4!F121/2) -> 0.5 | G122: =(Sheet4!G121/2) -> 0.5 | H122: =(Sheet4!H121/2) -> 0.5 | I122: =(Sheet4!I121/2) -> 0.5 | J122: =(Sheet4!J121/2) -> 0.5 | K122: =(Sheet4!K121/2) -> 0.5 | ... DQ122: =(Sheet4!DQ121/2) -> 0
A123: =Sheet4!A122 -> 107 | B123: =Sheet4!B122 -> ፀጋዩ ጀምበሬ | C123: =Sheet4!C122 -> 10500 | D123: =(Sheet4!D122/2) -> 0.5 | E123: =(Sheet4!E122/2) -> 0.5 | F123: =(Sheet4!F122/2) -> 0.5 | G123: =(Sheet4!G122/2) -> 0.5 | H123: =(Sheet4!H122/2) -> 0.5 | I123: =(Sheet4!I122/2) -> 0.5 | J123: =(Sheet4!J122/2) -> 0.5 | K123: =(Sheet4!K122/2) -> 0.5 | ... DQ123: =(Sheet4!DQ122/2) -> 0
A124: =Sheet4!A123 -> 107 | B124: =Sheet4!B123 -> አለማየሁ ዳንኤል | C124: =Sheet4!C123 -> 10500 | D124: =(Sheet4!D123/2) -> 0.5 | E124: =(Sheet4!E123/2) -> 0.5 | F124: =(Sheet4!F123/2) -> 0.5 | G124: =(Sheet4!G123/2) -> 0.5 | H124: =(Sheet4!H123/2) -> 0.5 | I124: =(Sheet4!I123/2) -> 0.5 | J124: =(Sheet4!J123/2) -> 0.5 | K124: =(Sheet4!K123/2) -> 0.5 | ... DQ124: =(Sheet4!DQ123/2) -> 0
A125: =Sheet4!A124 -> 108 | B125: =Sheet4!B124 -> ጀማል ኢብራይም | C125: =Sheet4!C124 -> 10500 | D125: =(Sheet4!D124/2) -> 0.5 | E125: =(Sheet4!E124/2) -> 0.5 | F125: =(Sheet4!F124/2) -> 0.5 | G125: =(Sheet4!G124/2) -> 0.5 | H125: =(Sheet4!H124/2) -> 0.5 | I125: =(Sheet4!I124/2) -> 0.5 | J125: =(Sheet4!J124/2) -> 0.5 | K125: =(Sheet4!K124/2) -> 0.5 | ... DQ125: =(Sheet4!DQ124/2) -> 0
A126: =Sheet4!A125 -> 108 | B126: =Sheet4!B125 -> ተሻለ አሰፋ | C126: =Sheet4!C125 -> 10500 | D126: =(Sheet4!D125/2) -> 0.5 | E126: =(Sheet4!E125/2) -> 0.5 | F126: =(Sheet4!F125/2) -> 0.5 | G126: =(Sheet4!G125/2) -> 0.5 | H126: =(Sheet4!H125/2) -> 0.5 | I126: =(Sheet4!I125/2) -> 0.5 | J126: =(Sheet4!J125/2) -> 0.5 | K126: =(Sheet4!K125/2) -> 0.5 | ... DQ126: =(Sheet4!DQ125/2) -> 0
... A136: =Sheet4!A135 -> 113 | B136: =Sheet4!B135 -> ሚልክያስ እዩኤል | C136: =Sheet4!C135 -> 10500 | D136: =(Sheet4!D135/2) -> 0.5 | E136: =(Sheet4!E135/2) -> 0.5 | F136: =(Sheet4!F135/2) -> 0.5 | G136: =(Sheet4!G135/2) -> 0.5 | H136: =(Sheet4!H135/2) -> 0.5 | I136: =(Sheet4!I135/2) -> 0.5 | J136: =(Sheet4!J135/2) -> 0.5 | K136: =(Sheet4!K135/2) -> 0.5 | ... DQ136: =(Sheet4!DQ135/2) -> 0

Sheet Draw Winner
A1: WEEKS | B1: winner Numbers
A2: 1 | B2: 68
A3: 2 | B3: 87
A4: 3 | B4: 30
A5: 4 | B5: 79 | C5: የማህበር
A6: 5 | B6: 42
A7: 6 | B7: 90
A8: 7 | B8: 54
A9: 8 | B9: 64 | C9: የማህበር
A10: 9 | B10: 93
A11: 10 | B11: 29
A12: 11 | B12: 41
A13: 12 | B13: 13 | C13: የማህበር
A14: 13 | B14: 22
A15: 14 | B15: 11
A16: 15 | B16: 45
A17: 16 | B17: 86 | C17: የማህበር
A18: 17 | B18: 48
A19: 18 | B19: 78
A20: 19 | B20: 65
A21: 20 | B21: 74 | C21: የማህበር
A22: 21 | B22: 77
A23: 22 | B23: 44
A24: 23 | B24: 33
A25: 24 | B25: 16 | C25: የማህበር
A26: 25 | B26: 72
A27: 26 | B27: 32
A28: 27 | B28: 70
A29: 28 | B29: 8 | C29: የማህበር
A30: 29 | B30: 38
A31: 30 | B31: 18
A32: 31 | B32: 34
A33: 32 | B33: 44 | C33: የማህበር
A34: 33 | B34: 62
A35: 34 | B35: 1
A36: 35 | B36: 80
A37: 36 | B37: 82 | C37: የማህበር
A38: 37 | B38: 45
A39: 38 | B39: 35
A40: 39 | B40: 75
A41: 40 | B41: 49 | C41: የማህበር
A42: 41 | B42: 25
A43: 42 | B43: 63
A44: 43 | B44: 39
A45: 44 | B45: 81 | C45: የማህበር
A46: 45 | B46: 61
A47: 46 | B47: 92
A48: 47 | B48: 15
A49: 48 | B49: 111 | C49: የማህበር
A50: 49 | D50: 101
A51: 50 | B51: 106
A52: 51 | B52: 105
A53: 52 | B53: 95 | C53: የማህበር
A54: 53 | B54: 108
A55: 54 | B55: 97
A56: 55 | B56: 102 | D56: 19
A57: 56 | B57: 52 | C57: የማህበር | D57: 100
A58: 57 | B58: 31 | D58: 113
A59: 58 | B59: 69 | D59: 110
A60: 59 | B60: 4
A61: 60 | C61: የማህበር
A62: 61
A63: 62 | B63: 40
A64: 63 | B64: 66
A65: 64 | C65: የማህበር
A66: 65
A67: 66 | B67: 94
A68: 67 | B68: 53
A69: 68 | C69: የማህበር
A70: 69 | B70: 2
A71: 70 | B71: 112
A72: 71 | B72: 71
A73: 72 | C73: የማህበር
A74: 73
A75: 74
A76: 75
A77: 76 | C77: የማህበር
A78: 77
A79: 78
A80: 79
A81: 80 | C81: የማህበር
A82: 81
A83: 82
A84: 83
A85: 84 | C85: የማህበር
A86: 85
A87: 86
A88: 87
A89: 88 | C89: የማህበር
A90: 89
A91: 90
A92: 91
A93: 92 | C93: የማህበር
A94: 93
A95: 94
A96: 95
A97: 96 | C97: የማህበር
A98: 97
A99: 98
A100: 99
...
